date,subway_ridership,subway_pct_baseline,bus_ridership,bus_pct_baseline,lirr_ridership,lirr_pct_baseline,metro_north_ridership,metro_north_pct_baseline,access_ride_trips,access_ride_pct_baseline,bridges_tunnels_traffic,bridges_tunnels_pct_baseline,staten_island_ridership,staten_island_pct_baseline,is_covid,is_weekend,day_of_week,is_holiday,day_name,is_outlier
2020-03-01,2212965,97.0,984908,99.0,86790,100.0,55825,59.0,19922,113.0,786960,98.0,1636,52.0,0,1,6,0,Sunday,0
2020-03-02,5329915,96.0,2209066,99.0,321569,103.0,180701,66.0,30338,102.0,874619,95.0,17140,107.0,0,0,0,0,Monday,0
2020-03-03,5481103,98.0,2228608,99.0,319727,102.0,190648,69.0,32767,110.0,882175,96.0,17453,109.0,0,0,1,0,Tuesday,0
2020-03-04,5498809,99.0,2177165,97.0,311662,99.0,192689,70.0,34297,115.0,905558,98.0,17136,107.0,0,0,2,0,Wednesday,0
2020-03-05,5496453,99.0,2244515,100.0,307597,98.0,194386,70.0,33209,112.0,929298,101.0,17203,108.0,0,0,3,0,Thursday,0
2020-03-06,5189447,93.0,2066743,92.0,289171,92.0,205056,74.0,30970,104.0,945408,103.0,15285,96.0,0,0,4,0,Friday,0
2020-03-07,2814637,92.0,1249085,94.0,106058,98.0,75838,56.0,18117,107.0,827907,95.0,2445,48.0,0,1,5,0,Saturday,0
2020-03-08,2120656,93.0,957163,96.0,81565,94.0,60800,64.0,19477,111.0,765083,95.0,1672,53.0,0,1,6,0,Sunday,0
2020-03-09,4973513,89.0,2124770,95.0,277001,88.0,183953,67.0,29609,100.0,860073,93.0,16122,101.0,0,0,0,0,Monday,0
2020-03-10,4867818,87.0,2111989,94.0,259324,83.0,179050,65.0,31315,105.0,855585,93.0,15805,99.0,0,0,1,0,Tuesday,0
2020-03-11,4697122,84.0,2112967,94.0,245798,78.0,175074,63.0,32198,108.0,866706,94.0,15340,96.0,0,0,2,0,Wednesday,0
2020-03-12,4149505,75.0,1938424,86.0,197178,63.0,169547,61.0,30814,104.0,881188,96.0,14169,89.0,0,0,3,0,Thursday,0
2020-03-13,3484996,63.0,1715737,77.0,158582,51.0,167176,61.0,26640,90.0,860419,93.0,11769,74.0,0,0,4,0,Friday,0
2020-03-14,1670665,54.0,993287,75.0,44885,42.0,39701,29.0,13394,79.0,631101,72.0,2135,42.0,0,1,5,0,Saturday,0
2020-03-15,1157711,51.0,711555,72.0,33407,38.0,32641,35.0,12480,71.0,535987,66.0,1368,43.0,0,1,6,0,Sunday,0
2020-03-16,2178555,39.0,1237309,55.0,119333,38.0,153262,56.0,21145,71.0,708869,77.0,5741,36.0,0,0,0,0,Monday,0
2020-03-17,1788786,32.0,1094949,49.0,83578,27.0,147391,53.0,18173,61.0,650444,71.0,4573,29.0,0,0,1,0,Tuesday,0
2020-03-18,1625280,29.0,1059502,47.0,74883,24.0,146118,53.0,15942,54.0,634853,69.0,4133,26.0,0,0,2,0,Wednesday,0
2020-03-19,1422112,26.0,933602,42.0,59538,19.0,144466,52.0,14116,47.0,569696,62.0,3452,22.0,0,0,3,0,Thursday,0
2020-03-20,1309125,24.0,868602,39.0,50021,16.0,145160,53.0,12744,43.0,563261,61.0,3124,20.0,0,0,4,0,Friday,0
2020-03-21,619618,20.0,411491,31.0,12438,12.0,23700,17.0,6467,38.0,382992,44.0,1044,21.0,0,1,5,0,Saturday,0
2020-03-22,408723,18.0,73517,7.0,8891,10.0,20830,22.0,4824,27.0,277050,34.0,641,20.0,1,1,6,0,Sunday,0
2020-03-23,709499,13.0,59321,3.0,30564,10.0,139285,51.0,9902,33.0,361513,39.0,1639,10.0,1,0,0,0,Monday,0
2020-03-24,741587,13.0,60334,3.0,29785,10.0,139194,50.0,9133,31.0,395493,43.0,1727,11.0,1,0,1,0,Tuesday,0
2020-03-25,690032,12.0,51769,2.0,26143,8.0,138239,50.0,9512,32.0,375767,41.0,1572,10.0,1,0,2,0,Wednesday,0
2020-03-26,680360,12.0,49970,2.0,23809,8.0,138668,50.0,8795,30.0,390117,42.0,1563,10.0,1,0,3,0,Thursday,0
2020-03-27,656817,12.0,45514,2.0,20355,6.0,138903,50.0,8409,28.0,396777,43.0,1495,9.0,1,0,4,0,Friday,0
2020-03-28,332393,11.0,19745,1.0,5279,5.0,19088,14.0,4491,27.0,240702,28.0,600,12.0,1,1,5,0,Saturday,0
2020-03-29,263700,12.0,14307,1.0,4358,5.0,18152,19.0,3374,19.0,197154,24.0,419,13.0,1,1,6,0,Sunday,0
2020-03-30,545215,10.0,33659,2.0,19741,6.0,137762,50.0,8084,27.0,344689,37.0,1140,7.0,1,0,0,0,Monday,0
2020-03-31,508106,9.0,32211,1.0,16194,5.0,137464,50.0,7672,26.0,337626,37.0,1043,7.0,1,0,1,0,Tuesday,0
2020-04-01,513481,9.0,29373,1.0,10548,3.0,9300,3.0,8151,28.0,342221,36.0,720,4.0,1,0,2,0,Wednesday,0
2020-04-02,485586,9.0,26788,1.0,10057,3.0,9492,3.0,7077,24.0,339734,36.0,882,5.0,1,0,3,0,Thursday,0
2020-04-03,483357,9.0,24418,1.0,9657,3.0,9770,3.0,7794,27.0,340272,36.0,843,5.0,1,0,4,0,Friday,0
2020-04-04,282278,9.0,13168,1.0,3727,3.0,4451,3.0,4375,26.0,243323,27.0,425,8.0,1,1,5,0,Saturday,0
2020-04-05,227303,9.0,9748,1.0,2969,3.0,3601,3.0,2763,15.0,209151,24.0,300,9.0,1,1,6,0,Sunday,0
2020-04-06,445454,8.0,22418,1.0,10127,3.0,9832,3.0,7093,25.0,335768,36.0,819,5.0,1,0,0,0,Monday,0
2020-04-07,434986,8.0,21623,1.0,9312,3.0,9589,3.0,7041,24.0,335469,36.0,732,5.0,1,0,1,0,Tuesday,0
2020-04-08,427485,8.0,20361,1.0,9039,3.0,9292,3.0,6950,24.0,324881,35.0,721,4.0,1,0,2,0,Wednesday,0
2020-04-09,404635,7.0,18734,1.0,8413,3.0,8931,3.0,6243,22.0,303480,32.0,690,4.0,1,0,3,0,Thursday,0
2020-04-10,400275,7.0,17135,1.0,8247,3.0,9573,3.0,5378,19.0,314099,33.0,672,4.0,1,0,4,0,Friday,0
2020-04-11,257061,8.0,9718,1.0,2749,2.0,4179,3.0,4235,25.0,254754,28.0,406,8.0,1,1,5,0,Saturday,0
2020-04-12,198399,8.0,7041,1.0,2245,2.0,3281,3.0,2525,14.0,217871,25.0,294,9.0,1,1,6,0,Sunday,1
2020-04-13,363312,7.0,14408,1.0,8192,3.0,8824,3.0,6205,21.0,284608,30.0,649,4.0,1,0,0,0,Monday,0
2020-04-14,430155,8.0,17937,1.0,8816,3.0,9592,3.0,6585,23.0,356104,38.0,791,5.0,1,0,1,0,Tuesday,0
2020-04-15,419059,8.0,16895,1.0,8596,3.0,9492,3.0,6928,24.0,340212,36.0,792,5.0,1,0,2,0,Wednesday,0
2020-04-16,420223,8.0,16632,1.0,8462,3.0,9528,3.0,6563,23.0,346341,37.0,790,5.0,1,0,3,0,Thursday,0
2020-04-17,432368,8.0,16350,1.0,8271,3.0,9989,3.0,7048,24.0,378350,40.0,738,5.0,1,0,4,0,Friday,0
2020-04-18,254453,8.0,8115,1.0,2449,2.0,3965,3.0,4202,25.0,254734,28.0,339,7.0,1,1,5,0,Saturday,0
2020-04-19,224411,9.0,6929,1.0,2159,2.0,3884,4.0,2742,15.0,276406,32.0,340,10.0,1,1,6,0,Sunday,0
2020-04-20,437852,8.0,16522,1.0,8912,3.0,10063,4.0,7050,24.0,371776,40.0,770,5.0,1,0,0,0,Monday,0
2020-04-21,422107,8.0,15231,1.0,8264,3.0,9374,3.0,6613,23.0,356098,38.0,753,5.0,1,0,1,0,Tuesday,0
2020-04-22,458781,8.0,16487,1.0,8674,3.0,9694,3.0,7496,26.0,398703,42.0,793,5.0,1,0,2,0,Wednesday,0
2020-04-23,453520,8.0,15786,1.0,8425,3.0,9527,3.0,6969,24.0,386937,41.0,780,5.0,1,0,3,0,Thursday,0
2020-04-24,443956,8.0,14237,1.0,7821,3.0,9722,3.0,7040,24.0,386935,41.0,688,4.0,1,0,4,0,Friday,0
2020-04-25,295387,9.0,8832,1.0,2869,3.0,4987,3.0,4719,28.0,350299,38.0,449,9.0,1,1,5,0,Saturday,0
2020-04-26,218787,9.0,5498,1.0,1903,2.0,3495,3.0,2506,13.0,231540,27.0,309,9.0,1,1,6,0,Sunday,0
2020-04-27,462888,8.0,15283,1.0,8828,3.0,10243,4.0,6922,24.0,384123,41.0,812,5.0,1,0,0,0,Monday,0
2020-04-28,489247,9.0,16380,1.0,9167,3.0,10531,4.0,7542,26.0,436346,46.0,826,5.0,1,0,1,0,Tuesday,0
2020-04-29,477799,9.0,15406,1.0,9100,3.0,10165,4.0,7844,27.0,410502,44.0,790,5.0,1,0,2,0,Wednesday,0
2020-04-30,465869,8.0,14062,1.0,9335,3.0,9971,3.0,7253,25.0,405168,43.0,764,5.0,1,0,3,0,Thursday,0
2020-05-01,494549,9.0,14893,1.0,6200,2.0,9206,3.0,8332,28.0,445621,46.0,763,4.0,1,0,4,0,Friday,0
2020-05-02,325865,10.0,8912,1.0,3959,3.0,5908,4.0,5493,32.0,401938,42.0,489,10.0,1,1,5,0,Saturday,0
2020-05-03,258865,11.0,6404,1.0,3314,3.0,4839,5.0,3263,19.0,353314,41.0,334,9.0,1,1,6,0,Sunday,0
2020-05-04,511866,9.0,16315,1.0,11158,3.0,10764,4.0,8287,28.0,447424,46.0,897,5.0,1,0,0,0,Monday,0
2020-05-05,522085,9.0,16377,1.0,13265,4.0,10604,4.0,8445,29.0,462085,48.0,894,5.0,1,0,1,0,Tuesday,0
2020-05-06,508824,9.0,15677,1.0,14489,5.0,10107,4.0,8832,30.0,444179,46.0,822,5.0,1,0,2,0,Wednesday,0
2020-05-07,535073,9.0,16130,1.0,16139,5.0,11247,4.0,8509,29.0,488836,51.0,930,5.0,1,0,3,0,Thursday,0
2020-05-08,526054,9.0,14571,1.0,15714,5.0,11242,4.0,8656,29.0,483830,50.0,811,5.0,1,0,4,0,Friday,0
2020-05-09,316883,10.0,7594,1.0,7651,6.0,6017,4.0,5055,29.0,371426,39.0,489,10.0,1,1,5,0,Saturday,0
2020-05-10,271947,11.0,6367,1.0,7990,8.0,5878,6.0,3962,23.0,415867,49.0,406,12.0,1,1,6,0,Sunday,0
2020-05-11,520873,9.0,15176,1.0,18349,6.0,11434,4.0,7636,26.0,458041,48.0,829,5.0,1,0,0,0,Monday,0
2020-05-12,553372,10.0,15989,1.0,19018,6.0,11488,4.0,8271,28.0,488406,51.0,914,5.0,1,0,1,0,Tuesday,0
2020-05-13,565377,10.0,16170,1.0,19356,6.0,11931,4.0,9437,32.0,509243,53.0,956,5.0,1,0,2,0,Wednesday,0
2020-05-14,567392,10.0,15905,1.0,19310,6.0,12131,4.0,8855,30.0,520395,54.0,923,5.0,1,0,3,0,Thursday,0
2020-05-15,587808,10.0,15481,1.0,20092,6.0,12936,5.0,9473,32.0,562990,58.0,976,6.0,1,0,4,0,Friday,0
2020-05-16,360844,11.0,8742,1.0,11075,9.0,8100,5.0,5947,34.0,477097,50.0,485,10.0,1,1,5,0,Saturday,0
2020-05-17,287418,12.0,6504,1.0,8793,9.0,6168,6.0,3577,21.0,391606,46.0,337,10.0,1,1,6,0,Sunday,0
2020-05-18,595469,10.0,17206,1.0,22113,7.0,13141,5.0,8969,31.0,505314,53.0,1036,6.0,1,0,0,0,Monday,0
2020-05-19,610884,11.0,17296,1.0,21599,7.0,12777,4.0,9290,32.0,524482,54.0,1067,6.0,1,0,1,0,Tuesday,0
2020-05-20,623749,11.0,17674,1.0,22224,7.0,12753,4.0,10224,35.0,542409,56.0,1044,6.0,1,0,2,0,Wednesday,0
2020-05-21,629298,11.0,17565,1.0,22585,7.0,13294,5.0,9731,33.0,585552,61.0,1069,6.0,1,0,3,0,Thursday,0
2020-05-22,633883,11.0,16453,1.0,22830,7.0,14711,5.0,9782,33.0,626983,65.0,1046,6.0,1,0,4,0,Friday,0
2020-05-23,335830,10.0,7186,1.0,10983,9.0,7613,5.0,5550,32.0,394091,41.0,420,9.0,1,1,5,0,Saturday,0
2020-05-24,320015,13.0,6642,1.0,11871,12.0,8977,9.0,4117,24.0,461170,54.0,361,10.0,1,1,6,0,Sunday,0
2020-05-25,393918,16.0,7996,1.0,19321,20.0,12982,12.0,5428,32.0,445015,52.0,441,13.0,1,0,0,1,Monday,0
2020-05-26,656766,11.0,17819,1.0,26691,8.0,14937,5.0,9875,34.0,587269,61.0,1173,7.0,1,0,1,0,Tuesday,0
2020-05-27,674465,12.0,17911,1.0,26483,8.0,14432,5.0,11088,38.0,601140,62.0,1240,7.0,1,0,2,0,Wednesday,0
2020-05-28,658057,12.0,17535,1.0,25175,8.0,14161,5.0,10030,34.0,584628,61.0,1191,7.0,1,0,3,0,Thursday,0
2020-05-29,657259,11.0,16378,1.0,25070,8.0,15697,5.0,10185,35.0,598607,62.0,1094,6.0,1,0,4,0,Friday,0
2020-05-30,426737,13.0,9112,1.0,15557,13.0,11003,7.0,6143,35.0,537179,56.0,18,0.0,1,1,5,0,Saturday,0
2020-05-31,344426,14.0,6724,1.0,13554,14.0,9390,9.0,4216,25.0,495487,58.0,2,0.0,1,1,6,0,Sunday,0
2020-06-01,687162,12.0,17833,1.0,34339,10.0,16184,5.0,10760,37.0,595059,61.0,1358,8.0,1,0,0,0,Monday,0
2020-06-02,693760,12.0,16576,1.0,33769,10.0,16294,6.0,11206,38.0,579411,59.0,1516,9.0,1,0,1,0,Tuesday,0
2020-06-03,681714,12.0,17830,1.0,32523,10.0,15649,5.0,11962,41.0,582624,59.0,1323,8.0,1,0,2,0,Wednesday,0
2020-06-04,726672,13.0,18538,1.0,29771,9.0,17149,6.0,12000,41.0,650868,66.0,1346,8.0,1,0,3,0,Thursday,0
2020-06-05,703576,13.0,16863,1.0,33482,10.0,18065,6.0,11698,40.0,643562,65.0,1249,8.0,1,0,4,0,Friday,0
2020-06-06,464198,14.0,8912,1.0,18090,15.0,12179,8.0,6591,38.0,551793,56.0,9,0.0,1,1,5,0,Saturday,0
2020-06-07,377990,14.0,7579,1.0,16797,17.0,11231,10.0,4650,26.0,538418,58.0,95,2.0,1,1,6,0,Sunday,0
2020-06-08,804542,14.0,25663,1.0,42630,13.0,20140,7.0,11957,41.0,644829,66.0,1596,10.0,1,0,0,0,Monday,0
2020-06-09,842306,15.0,26247,1.0,42274,13.0,19543,7.0,12869,44.0,680462,69.0,1662,10.0,1,0,1,0,Tuesday,0
2020-06-10,857015,15.0,26735,1.0,43083,13.0,20517,7.0,13616,46.0,680270,69.0,1767,11.0,1,0,2,0,Wednesday,0
2020-06-11,818297,15.0,24284,1.0,40961,12.0,19525,7.0,12514,43.0,656695,67.0,1576,10.0,1,0,3,0,Thursday,0
2020-06-12,896658,16.0,24459,1.0,45072,14.0,24165,8.0,13224,45.0,765491,78.0,1656,10.0,1,0,4,0,Friday,0
2020-06-13,545316,17.0,12115,1.0,25355,21.0,16675,11.0,7794,45.0,631064,64.0,17,0.0,1,1,5,0,Saturday,0
2020-06-14,430439,16.0,8731,1.0,20859,21.0,13794,13.0,5195,29.0,563725,61.0,7,0.0,1,1,6,0,Sunday,0
2020-06-15,897112,16.0,27057,1.0,47545,14.0,22841,8.0,12953,44.0,674785,69.0,1813,11.0,1,0,0,0,Monday,0
2020-06-16,932671,17.0,28049,1.0,46876,14.0,22555,8.0,12939,44.0,695359,71.0,1874,12.0,1,0,1,0,Tuesday,0
2020-06-17,948461,17.0,27924,1.0,47166,14.0,24167,8.0,14595,50.0,709679,72.0,1857,11.0,1,0,2,0,Wednesday,0
2020-06-18,942382,17.0,27516,1.0,47851,14.0,24081,8.0,13808,47.0,729486,74.0,1936,12.0,1,0,3,0,Thursday,0
2020-06-19,986929,38.0,25578,2.0,50201,51.0,27772,25.0,13868,77.0,797518,86.0,1751,45.0,1,0,4,0,Friday,0
2020-06-20,576075,18.0,11899,1.0,28959,24.0,18559,12.0,8185,47.0,666226,68.0,22,0.0,1,1,5,0,Saturday,0
2020-06-21,449497,17.0,9072,1.0,27094,28.0,16719,15.0,6328,35.0,654913,71.0,0,0.0,1,1,6,0,Sunday,0
2020-06-22,1000046,18.0,30863,1.0,53878,16.0,25367,9.0,13314,45.0,733290,75.0,2027,13.0,1,0,0,0,Monday,0
2020-06-23,1050786,19.0,32305,2.0,52898,16.0,24909,8.0,15069,51.0,744822,76.0,2219,14.0,1,0,1,0,Tuesday,0
2020-06-24,1068333,19.0,32504,2.0,52354,16.0,25277,9.0,15155,52.0,752749,77.0,2194,14.0,1,0,2,0,Wednesday,0
2020-06-25,1078796,19.0,32393,2.0,53444,16.0,25644,9.0,14854,51.0,781617,79.0,2210,14.0,1,0,3,0,Thursday,0
2020-06-26,1102382,20.0,30480,1.0,55647,17.0,29700,10.0,15048,51.0,830887,85.0,2115,13.0,1,0,4,0,Friday,0
2020-06-27,615398,19.0,12942,1.0,26773,22.0,17932,11.0,8541,49.0,630730,64.0,686,14.0,1,1,5,0,Saturday,0
2020-06-28,535898,20.0,10167,1.0,25680,26.0,15918,15.0,5748,32.0,623131,67.0,590,15.0,1,1,6,0,Sunday,0
2020-06-29,1100769,20.0,33264,2.0,63309,19.0,28163,10.0,14705,50.0,767165,78.0,2317,14.0,1,0,0,0,Monday,0
2020-06-30,1113124,20.0,33996,2.0,57955,17.0,27077,9.0,15291,52.0,758785,77.0,2386,15.0,1,0,1,0,Tuesday,0
2020-07-01,1120537,21.0,32921,2.0,56505,18.0,27770,10.0,16451,58.0,779409,81.0,2305,17.0,1,0,2,0,Wednesday,0
2020-07-02,1170483,22.0,32730,2.0,64261,20.0,31948,11.0,15981,56.0,881471,92.0,2365,17.0,1,0,3,0,Thursday,0
2020-07-03,851877,36.0,16862,2.0,56181,54.0,32049,30.0,10915,66.0,713240,81.0,1138,32.0,1,0,4,1,Friday,0
2020-07-04,591605,21.0,10769,1.0,38388,30.0,22085,14.0,8391,53.0,569212,62.0,690,14.0,1,1,5,1,Saturday,0
2020-07-05,533692,23.0,9832,1.0,34569,33.0,19136,18.0,6280,38.0,659099,75.0,528,15.0,1,1,6,0,Sunday,0
2020-07-06,1084956,21.0,31548,2.0,63862,20.0,30556,11.0,14886,53.0,750583,78.0,2222,16.0,1,0,0,0,Monday,0
2020-07-07,1157185,22.0,33595,2.0,61756,20.0,30507,11.0,16003,56.0,749832,78.0,2403,17.0,1,0,1,0,Tuesday,0
2020-07-08,1172279,22.0,34242,2.0,63048,20.0,30174,11.0,16980,60.0,758208,79.0,2454,18.0,1,0,2,0,Wednesday,0
2020-07-09,1211280,23.0,34762,2.0,65483,21.0,31913,11.0,17017,60.0,818034,85.0,2571,19.0,1,0,3,0,Thursday,0
2020-07-10,1030632,20.0,25544,1.0,55929,18.0,29683,10.0,15738,56.0,712635,74.0,2117,15.0,1,0,4,0,Friday,0
2020-07-11,692977,25.0,12872,1.0,30059,24.0,18683,12.0,8453,53.0,625288,68.0,812,16.0,1,1,5,0,Saturday,0
2020-07-12,628187,27.0,10966,1.0,34905,33.0,19859,19.0,7395,45.0,703589,80.0,731,20.0,1,1,6,0,Sunday,0
2020-07-13,1175700,22.0,33302,2.0,66384,21.0,31876,11.0,15928,56.0,756122,79.0,2504,18.0,1,0,0,0,Monday,0
2020-07-14,1241080,24.0,35391,2.0,66321,21.0,31921,11.0,17081,60.0,794837,83.0,2669,19.0,1,0,1,0,Tuesday,0
2020-07-15,1248413,24.0,34701,2.0,66549,21.0,32603,12.0,18149,64.0,803399,84.0,2751,20.0,1,0,2,0,Wednesday,0
2020-07-16,1249128,24.0,34199,2.0,66732,21.0,33258,12.0,17230,61.0,819850,85.0,2756,20.0,1,0,3,0,Thursday,0
2020-07-17,1207265,23.0,29696,1.0,64806,20.0,35414,13.0,16401,58.0,819471,85.0,2427,18.0,1,0,4,0,Friday,0
2020-07-18,778936,28.0,14335,1.0,41235,32.0,24071,16.0,9785,62.0,747444,81.0,786,15.0,1,1,5,0,Saturday,0
2020-07-19,584994,25.0,9845,1.0,36429,35.0,18675,18.0,7052,43.0,696110,79.0,504,14.0,1,1,6,0,Sunday,0
2020-07-20,1156735,22.0,30196,1.0,67721,21.0,32279,11.0,15957,56.0,770606,80.0,2428,18.0,1,0,0,0,Monday,0
2020-07-21,1241819,24.0,32482,2.0,67594,21.0,33213,12.0,16831,59.0,792954,82.0,2725,20.0,1,0,1,0,Tuesday,0
2020-07-22,1233668,23.0,33863,2.0,65348,21.0,32485,11.0,17582,62.0,784013,82.0,2716,20.0,1,0,2,0,Wednesday,0
2020-07-23,1233795,23.0,33999,2.0,65637,21.0,32975,12.0,17056,60.0,791577,82.0,2632,19.0,1,0,3,0,Thursday,0
2020-07-24,1218138,23.0,29987,1.0,65889,21.0,36639,13.0,17311,61.0,826030,86.0,2511,18.0,1,0,4,0,Friday,0
2020-07-25,816604,29.0,14777,1.0,43340,34.0,25173,16.0,10350,65.0,769898,83.0,799,16.0,1,1,5,0,Saturday,0
2020-07-26,606910,26.0,9711,1.0,36164,35.0,20170,19.0,7429,45.0,697533,79.0,542,15.0,1,1,6,0,Sunday,0
2020-07-27,1203503,23.0,32072,2.0,70114,22.0,31568,11.0,16607,59.0,793224,83.0,2626,19.0,1,0,0,0,Monday,0
2020-07-28,1241770,24.0,33753,2.0,66687,21.0,31677,11.0,16892,60.0,782225,81.0,2635,19.0,1,0,1,0,Tuesday,0
2020-07-29,1296102,25.0,35257,2.0,69995,22.0,33733,12.0,18216,64.0,816959,85.0,2778,20.0,1,0,2,0,Wednesday,0
2020-07-30,1270172,24.0,33982,2.0,68958,22.0,34122,12.0,17333,61.0,820274,85.0,2746,20.0,1,0,3,0,Thursday,0
2020-07-31,1258539,24.0,29917,1.0,67648,21.0,38040,13.0,17654,62.0,859774,89.0,2429,18.0,1,0,4,0,Friday,0
2020-08-01,842468,29.0,16087,1.0,44405,33.0,26261,17.0,10685,64.0,799744,83.0,904,19.0,1,1,5,0,Saturday,0
2020-08-02,590060,25.0,9874,1.0,30502,29.0,17885,17.0,7431,41.0,648735,70.0,615,17.0,1,1,6,0,Sunday,0
2020-08-03,1272996,25.0,36945,2.0,70779,23.0,32884,12.0,17594,63.0,818732,84.0,2955,22.0,1,0,0,0,Monday,0
2020-08-04,1027187,20.0,29426,1.0,36835,12.0,22286,8.0,14924,53.0,577415,59.0,1499,11.0,1,0,1,0,Tuesday,0
2020-08-05,1348202,26.0,38283,2.0,58005,19.0,26598,10.0,18299,66.0,847329,87.0,2824,21.0,1,0,2,0,Wednesday,0
2020-08-06,1334694,26.0,37059,2.0,66671,21.0,28283,10.0,19117,68.0,847497,87.0,3125,23.0,1,0,3,0,Thursday,0
2020-08-07,1283894,25.0,32170,2.0,65969,21.0,32882,12.0,17502,63.0,844096,87.0,2741,20.0,1,0,4,0,Friday,0
2020-08-08,833287,28.0,15143,1.0,41729,31.0,23513,15.0,10613,64.0,730738,76.0,806,17.0,1,1,5,0,Saturday,0
2020-08-09,662993,28.0,11534,1.0,37616,36.0,20503,20.0,8287,46.0,744618,81.0,649,18.0,1,1,6,0,Sunday,0
2020-08-10,1275268,25.0,34883,2.0,73548,24.0,33500,12.0,18178,65.0,826000,85.0,2995,22.0,1,0,0,0,Monday,0
2020-08-11,1319814,26.0,36426,2.0,72436,23.0,33509,12.0,18546,66.0,821975,85.0,3164,24.0,1,0,1,0,Tuesday,0
2020-08-12,1298963,25.0,36053,2.0,68345,22.0,33736,12.0,19346,69.0,800864,82.0,3124,23.0,1,0,2,0,Wednesday,0
2020-08-13,1291277,25.0,34723,2.0,69223,22.0,33822,12.0,18608,67.0,819018,84.0,2971,22.0,1,0,3,0,Thursday,0
2020-08-14,1355786,26.0,32713,2.0,72916,23.0,39342,14.0,18113,65.0,893657,92.0,3012,23.0,1,0,4,0,Friday,0
2020-08-15,860789,29.0,15522,1.0,46806,35.0,27677,18.0,11487,69.0,804345,84.0,974,21.0,1,1,5,0,Saturday,0
2020-08-16,554451,23.0,8603,1.0,29858,29.0,18164,17.0,7902,44.0,620685,67.0,529,15.0,1,1,6,0,Sunday,0
2020-08-17,1304485,25.0,34768,2.0,74453,24.0,35362,13.0,17377,62.0,806108,83.0,3058,23.0,1,0,0,0,Monday,0
2020-08-18,1369617,27.0,36646,2.0,74213,24.0,34361,13.0,19274,69.0,838007,86.0,2951,22.0,1,0,1,0,Tuesday,0
2020-08-19,1292148,25.0,34181,2.0,70104,22.0,34377,13.0,19915,71.0,816805,84.0,2783,21.0,1,0,2,0,Wednesday,0
2020-08-20,1410489,27.0,35059,2.0,75643,24.0,37078,14.0,19344,69.0,889781,92.0,2960,22.0,1,0,3,0,Thursday,0
2020-08-21,1387463,27.0,31342,2.0,76062,24.0,41110,15.0,19035,68.0,909773,94.0,2769,21.0,1,0,4,0,Friday,0
2020-08-22,882522,30.0,13705,1.0,49095,37.0,27784,18.0,11456,69.0,812307,85.0,871,18.0,1,1,5,0,Saturday,0
2020-08-23,671560,28.0,9698,1.0,37891,36.0,22496,22.0,8297,46.0,737096,80.0,633,18.0,1,1,6,0,Sunday,0
2020-08-24,1307345,25.0,34021,2.0,75145,24.0,35904,13.0,17643,63.0,815664,84.0,2756,21.0,1,0,0,0,Monday,0
2020-08-25,1346490,26.0,34993,2.0,73331,23.0,35689,13.0,18682,67.0,821596,85.0,2845,21.0,1,0,1,0,Tuesday,0
2020-08-26,1407639,27.0,35975,2.0,76583,24.0,36621,13.0,20659,74.0,859624,88.0,3012,23.0,1,0,2,0,Wednesday,0
2020-08-27,1358272,26.0,33969,2.0,73060,23.0,35551,13.0,19271,69.0,847284,87.0,2856,21.0,1,0,3,0,Thursday,0
2020-08-28,1388583,27.0,31956,2.0,76114,24.0,41222,15.0,18845,67.0,899891,93.0,2716,20.0,1,0,4,0,Friday,0
2020-08-29,773667,26.0,14035,1.0,37641,28.0,22234,15.0,9814,59.0,645955,67.0,798,17.0,1,1,5,0,Saturday,0
2020-08-30,748061,31.0,16027,1.0,45147,43.0,26520,26.0,9752,54.0,805095,87.0,825,23.0,1,1,6,0,Sunday,0
2020-08-31,1397264,27.0,787291,39.0,78122,25.0,37727,14.0,18185,65.0,817543,84.0,3184,24.0,1,0,0,0,Monday,0
2020-09-01,1469274,25.0,947758,41.0,76483,23.0,36035,12.0,18929,64.0,809684,85.0,3217,19.0,1,0,1,0,Tuesday,0
2020-09-02,1487969,26.0,972213,42.0,77585,24.0,36159,13.0,19990,67.0,810144,85.0,3192,19.0,1,0,2,0,Wednesday,0
2020-09-03,1529185,26.0,1022623,44.0,82554,25.0,39920,14.0,19992,67.0,869126,91.0,3327,19.0,1,0,3,0,Thursday,0
2020-09-04,1568385,27.0,1030811,44.0,88345,27.0,47152,16.0,20223,68.0,936602,98.0,3148,18.0,1,0,4,0,Friday,0
2020-09-05,1013725,31.0,715922,51.0,50550,43.0,34621,23.0,12118,71.0,798822,84.0,21,1.0,1,1,5,0,Saturday,0
2020-09-06,819409,32.0,559273,51.0,44727,45.0,28565,27.0,10160,59.0,753035,85.0,191,7.0,1,1,6,0,Sunday,0
2020-09-07,870964,34.0,615802,56.0,80050,81.0,27326,26.0,9261,54.0,697865,79.0,1210,41.0,1,0,0,1,Monday,0
2020-09-08,1555816,27.0,1039401,45.0,90603,28.0,42963,15.0,19806,67.0,833995,88.0,3496,20.0,1,0,1,0,Tuesday,0
2020-09-09,1610076,28.0,1072887,46.0,86063,26.0,41954,15.0,21801,73.0,825411,87.0,3586,21.0,1,0,2,0,Wednesday,0
2020-09-10,1543662,27.0,997030,43.0,82142,25.0,39296,14.0,20181,68.0,801431,84.0,3403,20.0,1,0,3,0,Thursday,0
2020-09-11,1690334,29.0,1070920,46.0,88582,27.0,47781,17.0,20809,70.0,895765,94.0,3442,20.0,1,0,4,0,Friday,0
2020-09-12,1083698,34.0,752875,54.0,44546,38.0,32400,21.0,12349,72.0,800189,84.0,29,1.0,1,1,5,0,Saturday,0
2020-09-13,796740,31.0,557231,51.0,36686,37.0,24009,23.0,9315,54.0,703809,80.0,4,0.0,1,1,6,0,Sunday,0
2020-09-14,1604381,28.0,1065601,46.0,89498,27.0,41286,14.0,19888,67.0,799572,84.0,3515,21.0,1,0,0,0,Monday,0
2020-09-15,1678078,29.0,1091806,47.0,87025,27.0,41288,14.0,20763,70.0,815699,86.0,3696,22.0,1,0,1,0,Tuesday,0
2020-09-16,1686909,29.0,1097389,47.0,87034,27.0,41417,14.0,22070,74.0,816708,86.0,3496,20.0,1,0,2,0,Wednesday,0
2020-09-17,1692368,29.0,1094592,47.0,86854,27.0,42339,15.0,21005,71.0,848024,89.0,3617,21.0,1,0,3,0,Thursday,0
2020-09-18,1725443,30.0,1083295,47.0,90657,28.0,48213,17.0,20702,70.0,894931,94.0,3367,20.0,1,0,4,0,Friday,0
2020-09-19,1136947,35.0,752437,54.0,46777,40.0,34608,23.0,12246,71.0,802613,84.0,1001,24.0,1,1,5,0,Saturday,0
2020-09-20,827605,33.0,558863,51.0,38973,39.0,26328,25.0,9269,54.0,705596,80.0,760,26.0,1,1,6,0,Sunday,0
2020-09-21,1624139,28.0,1058256,46.0,89706,27.0,41901,15.0,19488,66.0,788504,83.0,3497,20.0,1,0,0,0,Monday,0
2020-09-22,1698504,29.0,1095678,47.0,87376,27.0,41389,14.0,21103,71.0,808350,85.0,3821,22.0,1,0,1,0,Tuesday,0
2020-09-23,1735333,30.0,1119904,48.0,88998,27.0,42506,15.0,22501,76.0,834468,88.0,3710,22.0,1,0,2,0,Wednesday,0
2020-09-24,1722364,30.0,1107707,48.0,89129,27.0,42969,15.0,21554,73.0,857578,90.0,3816,22.0,1,0,3,0,Thursday,0
2020-09-25,1761591,31.0,1110956,48.0,92506,28.0,49819,17.0,21233,72.0,912599,96.0,3708,22.0,1,0,4,0,Friday,0
2020-09-26,1120143,35.0,755197,54.0,47169,40.0,35771,23.0,12128,71.0,824514,86.0,32,1.0,1,1,5,0,Saturday,0
2020-09-27,846179,33.0,576684,52.0,39994,40.0,28480,27.0,9491,55.0,731090,83.0,5,0.0,1,1,6,0,Sunday,0
2020-09-28,1489240,26.0,985185,42.0,89664,27.0,43237,15.0,17678,60.0,753158,79.0,3371,20.0,1,0,0,0,Monday,0
2020-09-29,1661264,29.0,1057135,46.0,88444,27.0,40515,14.0,20517,69.0,790861,83.0,3632,21.0,1,0,1,0,Tuesday,0
2020-09-30,1740820,30.0,1101663,47.0,89223,27.0,41967,15.0,21424,72.0,822682,86.0,3704,22.0,1,0,2,0,Wednesday,0
2020-10-01,1809958,31.0,1159859,51.0,86082,27.0,42390,15.0,22309,75.0,870605,94.0,4003,22.0,1,0,3,0,Thursday,0
2020-10-02,1790612,31.0,1115793,49.0,87291,28.0,48883,17.0,21626,73.0,891268,96.0,3589,20.0,1,0,4,0,Friday,0
2020-10-03,1168040,35.0,777674,56.0,45018,40.0,36907,24.0,12759,72.0,810625,86.0,33,1.0,1,1,5,0,Saturday,0
2020-10-04,852830,35.0,570608,57.0,34976,38.0,27667,26.0,10010,54.0,706562,84.0,761,20.0,1,1,6,0,Sunday,0
2020-10-05,1678792,29.0,1102675,49.0,88694,28.0,42257,15.0,19971,67.0,783540,84.0,3587,20.0,1,0,0,0,Monday,0
2020-10-06,1758454,31.0,1137217,50.0,87748,28.0,43803,15.0,21475,72.0,802900,87.0,3866,22.0,1,0,1,0,Tuesday,0
2020-10-07,1770617,31.0,1123231,50.0,87119,28.0,43534,15.0,23027,77.0,814866,88.0,3791,21.0,1,0,2,0,Wednesday,0
2020-10-08,1798005,31.0,1126770,50.0,87959,28.0,44802,15.0,21964,74.0,845788,91.0,3913,22.0,1,0,3,0,Thursday,0
2020-10-09,1808079,31.0,1117172,50.0,78663,25.0,52686,18.0,21274,71.0,896404,97.0,3700,21.0,1,0,4,0,Friday,0
2020-10-10,1170227,35.0,771088,55.0,44528,39.0,41409,27.0,12627,71.0,823775,87.0,1430,31.0,1,1,5,0,Saturday,0
2020-10-11,848469,35.0,564051,56.0,34593,38.0,28784,27.0,9470,52.0,692668,82.0,1049,28.0,1,1,6,0,Sunday,0
2020-10-12,1284655,22.0,767564,34.0,76776,24.0,39838,14.0,15722,53.0,685981,74.0,2237,13.0,1,0,0,1,Monday,0
2020-10-13,1715183,30.0,1063680,47.0,76552,24.0,42205,15.0,20909,70.0,765671,82.0,3670,21.0,1,0,1,0,Tuesday,0
2020-10-14,1838682,32.0,1162256,52.0,89173,28.0,45148,16.0,23169,78.0,824528,89.0,3956,22.0,1,0,2,0,Wednesday,0
2020-10-15,1853753,32.0,1152434,51.0,90288,29.0,46249,16.0,22834,77.0,866244,93.0,4069,23.0,1,0,3,0,Thursday,0
2020-10-16,1671320,29.0,974110,43.0,83798,27.0,47291,16.0,20776,70.0,820105,88.0,3366,19.0,1,0,4,0,Friday,0
2020-10-17,1209473,36.0,778070,56.0,43768,39.0,37764,25.0,11831,67.0,794519,84.0,1588,35.0,1,1,5,0,Saturday,0
2020-10-18,896812,37.0,583350,58.0,34682,38.0,30690,29.0,9998,54.0,752261,89.0,1074,28.0,1,1,6,0,Sunday,0
2020-10-19,1719153,30.0,1105134,49.0,89186,28.0,44368,15.0,20812,70.0,782238,84.0,3570,20.0,1,0,0,0,Monday,0
2020-10-20,1780231,31.0,1119283,50.0,86591,28.0,42741,15.0,21936,74.0,790017,85.0,3859,22.0,1,0,1,0,Tuesday,0
2020-10-21,1812949,32.0,1140385,51.0,86210,27.0,44102,15.0,22959,77.0,806737,87.0,3848,22.0,1,0,2,0,Wednesday,0
2020-10-22,1825208,32.0,1140210,51.0,88686,28.0,45770,16.0,22391,75.0,845063,91.0,3927,22.0,1,0,3,0,Thursday,0
2020-10-23,1842588,32.0,1123540,50.0,89931,29.0,51765,18.0,21766,73.0,881994,95.0,3680,21.0,1,0,4,0,Friday,0
2020-10-24,1185612,36.0,775122,56.0,43618,38.0,38673,25.0,12916,73.0,805453,85.0,0,0.0,1,1,5,0,Saturday,0
2020-10-25,885001,36.0,572347,57.0,33678,37.0,28321,27.0,10074,55.0,725808,86.0,0,0.0,1,1,6,0,Sunday,0
2020-10-26,1690651,29.0,1061566,47.0,86745,28.0,43557,15.0,20817,70.0,760603,82.0,3429,19.0,1,0,0,0,Monday,0
2020-10-27,1815242,32.0,1143906,51.0,87401,28.0,43340,15.0,21870,73.0,789371,85.0,3642,20.0,1,0,1,0,Tuesday,0
2020-10-28,1819352,32.0,1119450,50.0,86652,28.0,43289,15.0,23258,78.0,801965,86.0,3676,21.0,1,0,2,0,Wednesday,0
2020-10-29,1705072,30.0,987440,44.0,81794,26.0,41157,14.0,20925,70.0,776466,84.0,3539,20.0,1,0,3,0,Thursday,0
2020-10-30,1768018,31.0,1030639,46.0,84254,27.0,47967,16.0,21243,71.0,824679,89.0,3270,18.0,1,0,4,0,Friday,0
2020-10-31,1174059,35.0,747636,54.0,41538,37.0,34077,22.0,12816,72.0,743811,79.0,20,0.0,1,1,5,0,Saturday,0
2020-11-01,786675,31.0,510820,51.0,29495,31.0,22602,22.0,10180,54.0,660914,80.0,3,0.0,1,1,6,0,Sunday,0
2020-11-02,1747908,31.0,1072262,49.0,87198,27.0,40609,14.0,21127,68.0,772129,82.0,3535,21.0,1,0,0,0,Monday,0
2020-11-03,1602912,28.0,1027710,47.0,82140,25.0,39749,14.0,20416,65.0,720561,76.0,3184,19.0,1,0,1,0,Tuesday,0
2020-11-04,1690489,30.0,1089354,50.0,81551,25.0,38818,14.0,22174,71.0,754703,80.0,3448,20.0,1,0,2,0,Wednesday,0
2020-11-05,1793796,32.0,1130774,52.0,86987,26.0,41550,15.0,22937,73.0,818991,87.0,3793,22.0,1,0,3,0,Thursday,0
2020-11-06,1837314,33.0,1120729,51.0,89499,27.0,48138,17.0,22659,73.0,858167,91.0,3546,21.0,1,0,4,0,Friday,0
2020-11-07,1246321,39.0,752851,57.0,46368,40.0,35870,24.0,13409,79.0,790711,87.0,35,1.0,1,1,5,0,Saturday,0
2020-11-08,927670,37.0,587220,59.0,38485,41.0,27961,27.0,10474,56.0,726041,88.0,846,28.0,1,1,6,0,Sunday,0
2020-11-09,1752614,31.0,1111203,51.0,91681,28.0,42627,15.0,21444,69.0,773216,82.0,3561,21.0,1,0,0,0,Monday,0
2020-11-10,1836902,33.0,1151911,53.0,91532,28.0,43083,15.0,23138,74.0,800964,85.0,3848,23.0,1,0,1,0,Tuesday,0
2020-11-11,1614812,64.0,969123,97.0,83306,88.0,40073,38.0,20263,108.0,713639,87.0,3050,99.0,1,0,2,1,Wednesday,0
2020-11-12,1776666,32.0,1054132,48.0,86189,26.0,40381,14.0,22059,71.0,779141,83.0,3546,21.0,1,0,3,0,Thursday,0
2020-11-13,1816693,32.0,1061680,48.0,86252,26.0,45127,16.0,22054,71.0,821059,87.0,3332,20.0,1,0,4,0,Friday,0
2020-11-14,1215477,38.0,755951,57.0,41422,36.0,31397,21.0,12928,76.0,735029,81.0,14,0.0,1,1,5,0,Saturday,0
2020-11-15,820858,33.0,528421,53.0,30948,33.0,20946,20.0,9763,52.0,596389,72.0,697,23.0,1,1,6,0,Sunday,0
2020-11-16,1741750,31.0,1079560,49.0,89463,27.0,41961,15.0,21851,70.0,757987,80.0,3532,21.0,1,0,0,0,Monday,0
2020-11-17,1788847,32.0,1092416,50.0,86965,26.0,40078,14.0,22524,72.0,764724,81.0,3584,21.0,1,0,1,0,Tuesday,0
2020-11-18,1787688,32.0,1065597,49.0,84069,26.0,39693,14.0,23390,75.0,776421,82.0,3495,21.0,1,0,2,0,Wednesday,0
2020-11-19,1757535,31.0,1056928,48.0,84662,26.0,40122,14.0,21780,70.0,800461,85.0,3529,21.0,1,0,3,0,Thursday,0
2020-11-20,1800423,32.0,1079029,49.0,87402,27.0,44683,16.0,22945,73.0,843069,89.0,3473,20.0,1,0,4,0,Friday,0
2020-11-21,1157957,37.0,750801,57.0,39204,34.0,27716,18.0,13193,78.0,742369,82.0,19,1.0,1,1,5,0,Saturday,0
2020-11-22,817963,32.0,542124,54.0,31019,33.0,20269,19.0,10694,57.0,598348,73.0,92,3.0,1,1,6,0,Sunday,0
2020-11-23,1646525,29.0,1005225,46.0,87693,27.0,40668,14.0,21297,68.0,755374,80.0,3223,19.0,1,0,0,0,Monday,0
2020-11-24,1735702,31.0,1068789,49.0,89805,27.0,41772,15.0,22814,73.0,821449,87.0,3405,20.0,1,0,1,0,Tuesday,0
2020-11-25,1688227,30.0,1037242,47.0,93444,28.0,46209,16.0,21450,69.0,853222,90.0,3166,19.0,1,0,2,0,Wednesday,0
2020-11-26,652276,26.0,444391,45.0,72572,77.0,20393,20.0,12151,65.0,564192,68.0,847,28.0,1,0,3,1,Thursday,0
2020-11-27,1263473,50.0,815993,82.0,77273,82.0,25009,24.0,12395,66.0,671213,81.0,2046,67.0,1,0,4,0,Friday,0
2020-11-28,1032823,33.0,689580,52.0,37770,33.0,24688,16.0,10808,64.0,649087,71.0,1203,35.0,1,1,5,0,Saturday,0
2020-11-29,826974,33.0,548548,55.0,32628,35.0,21898,21.0,9360,50.0,631798,77.0,826,27.0,1,1,6,0,Sunday,0
2020-11-30,1459131,26.0,849277,39.0,80033,24.0,37026,13.0,19751,63.0,652663,69.0,3035,18.0,1,0,0,0,Monday,0
2020-12-01,1706348,32.0,1068627,53.0,73589,23.0,35225,13.0,21693,74.0,752069,85.0,3432,22.0,1,0,1,0,Tuesday,0
2020-12-02,1699968,32.0,1026056,51.0,73631,23.0,35615,13.0,22712,78.0,746840,84.0,3277,21.0,1,0,2,0,Wednesday,0
2020-12-03,1736045,33.0,1070197,53.0,75093,24.0,37013,13.0,22941,79.0,767310,87.0,3325,21.0,1,0,3,0,Thursday,0
2020-12-04,1701628,32.0,1024641,51.0,72062,23.0,39228,14.0,21960,75.0,775709,88.0,3121,20.0,1,0,4,0,Friday,0
2020-12-05,1000240,30.0,617332,49.0,33528,26.0,19727,13.0,10151,59.0,572557,65.0,996,20.0,1,1,5,0,Saturday,0
2020-12-06,878393,35.0,547330,56.0,35055,33.0,19652,18.0,9904,56.0,590525,74.0,885,26.0,1,1,6,0,Sunday,0
2020-12-07,1656627,31.0,1032813,52.0,77787,25.0,36890,13.0,21424,73.0,729674,82.0,3209,21.0,1,0,0,0,Monday,0
2020-12-08,1540893,29.0,1034410,52.0,75033,24.0,36403,13.0,22177,76.0,744112,84.0,3185,20.0,1,0,1,0,Tuesday,0
2020-12-09,1701926,32.0,1018247,51.0,74734,24.0,35917,13.0,22459,77.0,749886,85.0,3233,21.0,1,0,2,0,Wednesday,0
2020-12-10,1761336,33.0,1075970,54.0,76847,24.0,37600,13.0,22845,78.0,784406,89.0,3346,21.0,1,0,3,0,Thursday,0
2020-12-11,1786290,33.0,1064457,53.0,79717,25.0,42420,15.0,22751,78.0,821871,93.0,3278,21.0,1,0,4,0,Friday,0
2020-12-12,1091352,33.0,703892,55.0,41791,33.0,24118,15.0,12307,71.0,671668,76.0,20,0.0,1,1,5,0,Saturday,0
2020-12-13,911439,36.0,582389,60.0,39293,37.0,22669,21.0,10208,57.0,659446,83.0,80,2.0,1,1,6,0,Sunday,0
2020-12-14,1584089,30.0,955525,48.0,75008,24.0,36057,13.0,21333,73.0,723908,82.0,2979,19.0,1,0,0,0,Monday,0
2020-12-15,1783388,33.0,1088287,54.0,78446,25.0,38322,14.0,23432,80.0,819063,92.0,3353,21.0,1,0,1,0,Tuesday,0
2020-12-16,1569079,29.0,853797,43.0,68092,22.0,33572,12.0,19296,66.0,625006,71.0,2899,19.0,1,0,2,0,Wednesday,0
2020-12-17,1079818,20.0,523854,26.0,21417,7.0,12527,4.0,9940,34.0,297298,34.0,1613,10.0,1,0,3,0,Thursday,0
2020-12-18,1735664,33.0,943587,47.0,74908,24.0,41287,15.0,17537,60.0,736356,83.0,3063,20.0,1,0,4,0,Friday,0
2020-12-19,1112827,34.0,670787,53.0,41101,32.0,24217,15.0,11589,67.0,651814,74.0,25,1.0,1,1,5,0,Saturday,0
2020-12-20,821265,32.0,516593,53.0,32597,31.0,18767,17.0,9585,54.0,555254,70.0,736,22.0,1,1,6,0,Sunday,0
2020-12-21,1716035,32.0,1028489,51.0,81225,26.0,39814,14.0,21647,74.0,777049,88.0,3244,21.0,1,0,0,0,Monday,0
2020-12-22,1760948,33.0,1046799,52.0,82001,26.0,39579,14.0,22820,78.0,814975,92.0,3254,21.0,1,0,1,0,Tuesday,0
2020-12-23,1772537,33.0,1048565,52.0,84404,27.0,42100,15.0,23305,80.0,864271,98.0,3201,21.0,1,0,2,0,Wednesday,0
2020-12-24,1312480,25.0,822916,41.0,75759,24.0,38899,14.0,15928,55.0,760624,86.0,2176,14.0,1,0,3,0,Thursday,0
2020-12-25,485208,19.0,314171,32.0,51348,48.0,14435,13.0,8611,48.0,476547,60.0,631,19.0,1,0,4,1,Friday,0
2020-12-26,879170,26.0,559111,44.0,36047,28.0,22076,14.0,9094,53.0,593895,67.0,1014,20.0,1,1,5,0,Saturday,0
2020-12-27,760350,30.0,474033,48.0,34432,32.0,20470,19.0,9457,53.0,594862,75.0,901,27.0,1,1,6,0,Sunday,0
2020-12-28,1510168,28.0,922336,46.0,81566,26.0,41012,15.0,18820,65.0,743305,84.0,3027,19.0,1,0,0,0,Monday,0
2020-12-29,1555198,29.0,930711,46.0,78904,25.0,39416,14.0,19717,68.0,759864,86.0,3097,20.0,1,0,1,0,Tuesday,0
2020-12-30,1582486,30.0,948194,47.0,79298,25.0,40962,15.0,20922,72.0,799839,90.0,2990,19.0,1,0,2,0,Wednesday,0
2020-12-31,1274984,24.0,792993,40.0,75157,24.0,39947,14.0,17167,59.0,704297,79.0,2162,14.0,1,0,3,0,Thursday,0
2021-01-01,613692,29.0,378288,41.0,28977,35.0,14988,17.0,5960,44.0,445950,65.0,805,29.0,1,0,4,1,Friday,0
2021-01-02,988418,37.0,608686,51.0,28879,30.0,23139,18.0,10450,72.0,624765,82.0,1194,29.0,1,1,5,0,Saturday,0
2021-01-03,653187,31.0,413820,45.0,20819,25.0,15546,17.0,9745,72.0,496494,73.0,728,27.0,1,1,6,0,Sunday,0
2021-01-04,1557977,30.0,964597,47.0,71078,24.0,35679,13.0,20612,73.0,688045,79.0,3260,20.0,1,0,0,0,Monday,0
2021-01-05,1597518,31.0,990479,48.0,70424,23.0,35805,13.0,21641,76.0,708610,82.0,3392,21.0,1,0,1,0,Tuesday,0
2021-01-06,1613629,31.0,996123,49.0,70289,23.0,35857,13.0,22795,81.0,726679,84.0,3260,20.0,1,0,2,0,Wednesday,0
2021-01-07,1611099,31.0,989097,48.0,69695,23.0,36344,14.0,21571,76.0,736609,85.0,3149,19.0,1,0,3,0,Thursday,0
2021-01-08,1619242,31.0,982175,48.0,68649,23.0,39102,15.0,21641,76.0,754548,87.0,3017,18.0,1,0,4,0,Friday,0
2021-01-09,990412,37.0,643475,54.0,26962,28.0,22332,17.0,12023,83.0,630790,83.0,806,20.0,1,1,5,0,Saturday,0
2021-01-10,763097,36.0,501437,55.0,23751,29.0,18076,20.0,9467,70.0,564543,83.0,593,22.0,1,1,6,0,Sunday,0
2021-01-11,1568207,30.0,966517,47.0,72285,24.0,36015,13.0,21089,75.0,708058,81.0,3123,19.0,1,0,0,0,Monday,0
2021-01-12,1640428,32.0,997279,49.0,71403,24.0,36563,14.0,21623,76.0,730831,84.0,3297,20.0,1,0,1,0,Tuesday,0
2021-01-13,1641652,32.0,996646,49.0,70591,23.0,36488,14.0,22720,80.0,737859,85.0,3160,19.0,1,0,2,0,Wednesday,0
2021-01-14,1647396,32.0,1017757,50.0,70937,23.0,37403,14.0,21950,78.0,754071,87.0,3234,20.0,1,0,3,0,Thursday,0
2021-01-15,1627120,32.0,981817,48.0,70180,23.0,41025,15.0,21819,77.0,788779,91.0,2978,18.0,1,0,4,0,Friday,0
2021-01-16,991500,37.0,645625,54.0,27116,28.0,22548,17.0,11654,80.0,631135,83.0,1099,27.0,1,1,5,0,Saturday,0
2021-01-17,797654,38.0,504031,55.0,24223,29.0,20269,22.0,9880,73.0,580771,85.0,910,33.0,1,1,6,0,Sunday,0
2021-01-18,1276978,61.0,766926,84.0,68674,83.0,22337,25.0,14124,105.0,689251,101.0,2141,78.0,1,0,0,1,Monday,0
2021-01-19,1635915,32.0,1013616,50.0,72565,24.0,36885,14.0,21049,74.0,736254,85.0,3328,20.0,1,0,1,0,Tuesday,0
2021-01-20,1575075,31.0,921371,45.0,67925,22.0,35263,13.0,19281,68.0,712711,82.0,2963,18.0,1,0,2,0,Wednesday,0
2021-01-21,1652842,32.0,1007042,49.0,71225,24.0,37003,14.0,19925,70.0,760221,87.0,3258,20.0,1,0,3,0,Thursday,0
2021-01-22,1672001,33.0,1018584,50.0,71317,24.0,40981,15.0,20375,72.0,787474,91.0,3174,19.0,1,0,4,0,Friday,0
2021-01-23,997551,37.0,619673,52.0,27942,29.0,22216,17.0,10536,73.0,640381,84.0,1114,27.0,1,1,5,0,Saturday,0
2021-01-24,741139,35.0,458203,50.0,23974,29.0,17881,20.0,8317,62.0,560522,82.0,821,30.0,1,1,6,0,Sunday,0
2021-01-25,1592468,31.0,978987,48.0,73131,24.0,36509,14.0,19991,71.0,727393,84.0,3226,20.0,1,0,0,0,Monday,0
2021-01-26,1550953,30.0,911579,45.0,68237,23.0,34574,13.0,18115,64.0,653068,75.0,2965,18.0,1,0,1,0,Tuesday,0
2021-01-27,1660278,32.0,1004792,49.0,70353,23.0,35635,13.0,19841,70.0,740154,85.0,3098,19.0,1,0,2,0,Wednesday,0
2021-01-28,1646806,32.0,950205,46.0,70023,23.0,37015,14.0,20139,71.0,768600,88.0,3208,20.0,1,0,3,0,Thursday,0
2021-01-29,1511680,29.0,812264,40.0,65128,22.0,37760,14.0,19047,67.0,780131,90.0,2646,16.0,1,0,4,0,Friday,0
2021-01-30,942615,35.0,566837,47.0,26642,27.0,21229,16.0,10284,71.0,652550,85.0,811,20.0,1,1,5,0,Saturday,0
2021-01-31,722853,35.0,427945,47.0,23091,28.0,17531,19.0,8616,64.0,573512,84.0,620,23.0,1,1,6,0,Sunday,0
2021-02-01,583230,11.0,337228,16.0,8611,3.0,12093,4.0,12202,41.0,156759,18.0,954,6.0,1,0,0,0,Monday,0
2021-02-02,1005985,19.0,543073,25.0,22756,8.0,22258,8.0,8155,28.0,311607,35.0,1517,9.0,1,0,1,0,Tuesday,0
2021-02-03,1702598,31.0,949695,44.0,69068,23.0,36347,13.0,16869,57.0,656614,74.0,3057,19.0,1,0,2,0,Wednesday,0
2021-02-04,1785833,33.0,1033791,48.0,71341,24.0,37590,14.0,20328,69.0,742193,84.0,3381,21.0,1,0,3,0,Thursday,0
2021-02-05,1741015,32.0,1001775,47.0,68866,23.0,40322,15.0,20136,68.0,766091,87.0,3115,19.0,1,0,4,0,Friday,0
2021-02-06,1148477,40.0,715717,57.0,29248,31.0,25168,19.0,12020,74.0,689415,83.0,1280,30.0,1,1,5,0,Saturday,0
2021-02-07,652521,30.0,367095,38.0,17110,22.0,14068,15.0,7115,42.0,340122,45.0,736,26.0,1,1,6,0,Sunday,0
2021-02-08,1639753,30.0,964007,45.0,70984,23.0,36921,14.0,17786,60.0,701146,79.0,3075,19.0,1,0,0,0,Monday,0
2021-02-09,1666467,31.0,992290,46.0,69548,23.0,34582,13.0,19386,66.0,682085,77.0,3123,19.0,1,0,1,0,Tuesday,0
2021-02-10,1750121,32.0,1052021,49.0,71257,24.0,36580,14.0,22169,75.0,769088,87.0,3284,20.0,1,0,2,0,Wednesday,0
2021-02-11,1714656,32.0,1005348,47.0,70196,23.0,37230,14.0,20144,68.0,755367,86.0,3148,19.0,1,0,3,0,Thursday,0
2021-02-12,1706430,31.0,965421,45.0,72130,24.0,42228,16.0,20165,69.0,803912,91.0,2823,17.0,1,0,4,0,Friday,0
2021-02-13,1092063,38.0,656637,52.0,29284,31.0,25456,19.0,11669,72.0,666722,80.0,1198,28.0,1,1,5,0,Saturday,0
2021-02-14,858014,39.0,479319,49.0,23392,30.0,20489,22.0,7835,46.0,551288,73.0,863,31.0,1,1,6,0,Sunday,0
2021-02-15,1218593,56.0,726412,74.0,65652,84.0,21792,24.0,11437,68.0,641883,85.0,1764,63.0,1,0,0,1,Monday,0
2021-02-16,1627528,30.0,963223,45.0,72718,24.0,36234,13.0,19126,65.0,726224,82.0,3211,20.0,1,0,1,0,Tuesday,0
2021-02-17,1733160,32.0,1061711,49.0,74219,25.0,39205,15.0,22336,76.0,821333,93.0,3349,21.0,1,0,2,0,Wednesday,0
2021-02-18,1381886,25.0,725951,34.0,57987,19.0,31747,12.0,15843,54.0,456327,52.0,2521,16.0,1,0,3,0,Thursday,0
2021-02-19,1566021,29.0,809308,38.0,64121,21.0,38307,14.0,14172,48.0,608152,69.0,2707,17.0,1,0,4,0,Friday,0
2021-02-20,1110589,39.0,679240,54.0,30920,33.0,25729,20.0,10578,65.0,657045,79.0,1381,32.0,1,1,5,0,Saturday,0
2021-02-21,836095,38.0,516715,53.0,25208,32.0,19844,22.0,9195,55.0,605395,80.0,956,34.0,1,1,6,0,Sunday,0
2021-02-22,1582054,29.0,927414,43.0,69741,23.0,35468,13.0,19015,65.0,691608,78.0,3079,19.0,1,0,0,0,Monday,0
2021-02-23,1730198,32.0,1040398,48.0,73492,24.0,37505,14.0,20852,71.0,759850,86.0,3406,21.0,1,0,1,0,Tuesday,0
2021-02-24,1806306,33.0,1099351,51.0,74777,25.0,39124,15.0,23223,79.0,797488,90.0,3546,22.0,1,0,2,0,Wednesday,0
2021-02-25,1798165,33.0,1069420,50.0,75030,25.0,39397,15.0,22138,75.0,814611,92.0,3543,22.0,1,0,3,0,Thursday,0
2021-02-26,1822812,34.0,1065376,50.0,76696,25.0,44410,16.0,21911,74.0,851052,96.0,3359,21.0,1,0,4,0,Friday,0
2021-02-27,1072932,37.0,635820,50.0,28849,31.0,24256,19.0,11319,70.0,681969,82.0,1324,31.0,1,1,5,0,Saturday,0
2021-02-28,810071,37.0,491545,50.0,23778,30.0,20086,22.0,8910,53.0,619960,82.0,972,35.0,1,1,6,0,Sunday,0
2021-03-01,1696274,30.0,1020837,46.0,74430,24.0,36339,13.0,20359,68.0,747909,81.0,3333,21.0,1,0,0,0,Monday,0
2021-03-02,1749511,31.0,1024511,46.0,75335,24.0,36611,13.0,20640,69.0,763489,83.0,3472,22.0,1,0,1,0,Tuesday,0
2021-03-03,1846431,33.0,1119137,50.0,78770,25.0,39651,14.0,22823,77.0,798577,87.0,3569,22.0,1,0,2,0,Wednesday,0
2021-03-04,1808744,32.0,1078036,48.0,78642,25.0,39730,14.0,21727,73.0,807284,88.0,3456,22.0,1,0,3,0,Thursday,0
2021-03-05,1825915,33.0,1041408,46.0,79104,25.0,45027,16.0,21842,73.0,846071,92.0,3270,20.0,1,0,4,0,Friday,0
2021-03-06,1167884,38.0,696719,52.0,37158,34.0,27276,20.0,11951,71.0,728236,84.0,3,0.0,1,1,5,0,Saturday,0
2021-03-07,894119,39.0,525930,53.0,29306,34.0,21547,23.0,9843,56.0,662461,82.0,58,2.0,1,1,6,0,Sunday,0
2021-03-08,1719586,31.0,1039763,46.0,79355,25.0,39763,14.0,20685,70.0,767707,83.0,3344,21.0,1,0,0,0,Monday,0
2021-03-09,1834068,33.0,1101988,49.0,79269,25.0,40944,15.0,22200,75.0,791512,86.0,3602,23.0,1,0,1,0,Tuesday,0
2021-03-10,1849077,33.0,1104610,49.0,78069,25.0,41488,15.0,22774,77.0,804700,87.0,3625,23.0,1,0,2,0,Wednesday,0
2021-03-11,1881902,34.0,1107502,49.0,80398,26.0,42543,15.0,22617,76.0,836773,91.0,3682,23.0,1,0,3,0,Thursday,0
2021-03-12,1914465,34.0,1092388,49.0,82399,26.0,48553,18.0,21724,73.0,873014,95.0,3507,22.0,1,0,4,0,Friday,0
2021-03-13,1257372,41.0,730218,55.0,38465,36.0,31500,23.0,11932,70.0,776744,89.0,0,0.0,1,1,5,0,Saturday,0
2021-03-14,923968,40.0,531754,53.0,30405,35.0,22347,24.0,9732,55.0,673170,83.0,0,0.0,1,1,6,0,Sunday,0
2021-03-15,1730024,31.0,1023990,46.0,79331,25.0,39529,14.0,19986,67.0,774146,84.0,3264,20.0,1,0,0,0,Monday,0
2021-03-16,1798288,32.0,1062179,47.0,77672,25.0,40038,15.0,20903,70.0,786996,85.0,3394,21.0,1,0,1,0,Tuesday,0
2021-03-17,1866414,34.0,1103979,49.0,81431,26.0,41682,15.0,22323,75.0,808876,88.0,3465,22.0,1,0,2,0,Wednesday,0
2021-03-18,1771092,32.0,1019472,45.0,76532,24.0,39884,14.0,20264,68.0,799478,87.0,3283,21.0,1,0,3,0,Thursday,0
2021-03-19,1906749,34.0,1083647,48.0,80041,26.0,46605,17.0,20357,68.0,863187,94.0,3331,21.0,1,0,4,0,Friday,0
2021-03-20,1307403,43.0,768908,58.0,41743,39.0,33068,24.0,12558,74.0,787777,90.0,0,0.0,1,1,5,0,Saturday,0
2021-03-21,1013386,44.0,579358,58.0,34693,40.0,26380,28.0,10358,59.0,735673,91.0,0,0.0,1,1,6,0,Sunday,0
2021-03-22,1801438,32.0,1095241,49.0,84171,27.0,43281,16.0,20427,69.0,788542,86.0,3646,23.0,1,0,0,0,Monday,0
2021-03-23,1879574,34.0,1133504,51.0,83106,27.0,41654,15.0,21590,73.0,810243,88.0,3727,23.0,1,0,1,0,Tuesday,0
2021-03-24,1828084,33.0,1075968,48.0,79590,25.0,40301,15.0,21651,73.0,794315,86.0,3578,22.0,1,0,2,0,Wednesday,0
2021-03-25,1925768,35.0,1127964,50.0,83556,27.0,44105,16.0,21763,73.0,847633,92.0,3747,23.0,1,0,3,0,Thursday,0
2021-03-26,1938246,35.0,1091753,49.0,84436,27.0,49529,18.0,20805,70.0,865970,94.0,3536,22.0,1,0,4,0,Friday,0
2021-03-27,1374266,45.0,781981,59.0,47484,44.0,38301,28.0,12900,76.0,841595,97.0,0,0.0,1,1,5,0,Saturday,0
2021-03-28,807247,35.0,459949,46.0,28347,33.0,21000,22.0,9104,52.0,601860,75.0,0,0.0,1,1,6,0,Sunday,0
2021-03-29,1742162,31.0,1002597,45.0,86467,28.0,44240,16.0,18543,62.0,763647,83.0,3378,21.0,1,0,0,0,Monday,0
2021-03-30,1881537,34.0,1079381,48.0,91258,29.0,46574,17.0,21019,71.0,842154,91.0,3806,24.0,1,0,1,0,Tuesday,0
2021-03-31,1808546,32.0,995873,44.0,84850,27.0,43954,16.0,20374,69.0,833052,90.0,3526,22.0,1,0,2,0,Wednesday,0
2021-04-01,1841815,33.0,1030209,47.0,77285,25.0,38466,13.0,20490,71.0,856466,91.0,3434,21.0,1,0,3,0,Thursday,0
2021-04-02,1757698,32.0,958085,44.0,79770,26.0,49308,17.0,18839,65.0,845252,90.0,3070,19.0,1,0,4,0,Friday,0
2021-04-03,1318461,42.0,750682,56.0,47662,42.0,37706,25.0,12735,76.0,779701,85.0,1503,29.0,1,1,5,0,Saturday,0
2021-04-04,950194,39.0,519812,52.0,40868,45.0,30673,30.0,11632,62.0,749910,87.0,1066,33.0,1,1,6,0,Sunday,0
2021-04-05,1818703,33.0,1088750,50.0,87048,28.0,46156,16.0,19970,69.0,832239,88.0,3431,21.0,1,0,0,0,Monday,0
2021-04-06,1942198,35.0,1155101,53.0,85757,28.0,45178,16.0,21695,75.0,840351,89.0,3873,24.0,1,0,1,0,Tuesday,0
2021-04-07,1985370,36.0,1172362,54.0,85479,28.0,45747,16.0,23469,81.0,858593,91.0,3809,23.0,1,0,2,0,Wednesday,0
2021-04-08,2013413,36.0,1177833,54.0,86715,28.0,47059,16.0,22579,78.0,877834,93.0,3893,24.0,1,0,3,0,Thursday,0
2021-04-09,2026724,36.0,1144311,52.0,87051,28.0,52445,18.0,21978,76.0,895229,95.0,3686,23.0,1,0,4,0,Friday,0
2021-04-10,1391245,44.0,790023,59.0,45962,40.0,36629,25.0,12713,76.0,822112,90.0,1500,29.0,1,1,5,0,Saturday,0
2021-04-11,899646,37.0,504407,51.0,32034,35.0,22933,22.0,9742,52.0,666435,77.0,1020,31.0,1,1,6,0,Sunday,0
2021-04-12,1845836,33.0,1087799,50.0,83124,27.0,43563,15.0,21192,73.0,793402,84.0,3418,21.0,1,0,0,0,Monday,0
2021-04-13,2012153,36.0,1196355,55.0,87182,28.0,46150,16.0,22728,79.0,832482,88.0,3877,24.0,1,0,1,0,Tuesday,0
2021-04-14,2018126,36.0,1199954,55.0,86698,28.0,47970,17.0,23462,81.0,852606,91.0,3810,23.0,1,0,2,0,Wednesday,0
2021-04-15,1906733,34.0,1083083,50.0,81762,26.0,44175,15.0,21198,73.0,822207,87.0,3593,22.0,1,0,3,0,Thursday,0
2021-04-16,2078856,37.0,1157507,53.0,87190,28.0,54355,19.0,21632,75.0,889711,95.0,3591,22.0,1,0,4,0,Friday,0
2021-04-17,1425036,45.0,803352,60.0,49901,44.0,39789,27.0,13313,80.0,813162,89.0,0,0.0,1,1,5,0,Saturday,0
2021-04-18,1082503,45.0,607333,61.0,38263,42.0,30983,30.0,10865,58.0,753446,87.0,0,0.0,1,1,6,0,Sunday,0
2021-04-19,1911326,34.0,1147977,53.0,87167,28.0,45925,16.0,21274,74.0,816540,87.0,3634,22.0,1,0,0,0,Monday,0
2021-04-20,2082495,37.0,1223642,56.0,90034,29.0,49100,17.0,23528,81.0,860511,91.0,4135,25.0,1,0,1,0,Tuesday,0
2021-04-21,1965922,35.0,1139762,52.0,83533,27.0,45253,16.0,22379,77.0,828447,88.0,3788,23.0,1,0,2,0,Wednesday,0
2021-04-22,2040232,37.0,1166357,53.0,86606,28.0,46790,16.0,21832,75.0,871573,93.0,3837,24.0,1,0,3,0,Thursday,0
2021-04-23,2121350,38.0,1184193,54.0,92834,30.0,56155,20.0,22035,76.0,920588,98.0,3737,23.0,1,0,4,0,Friday,0
2021-04-24,1520057,48.0,809163,61.0,51570,45.0,43227,29.0,13351,80.0,854964,94.0,0,0.0,1,1,5,0,Saturday,0
2021-04-25,985027,41.0,540989,55.0,34054,37.0,23855,23.0,9777,52.0,695863,80.0,0,0.0,1,1,6,0,Sunday,0
2021-04-26,1955370,35.0,1156913,53.0,89303,29.0,46752,16.0,21083,73.0,826605,88.0,3761,23.0,1,0,0,0,Monday,0
2021-04-27,2041698,37.0,1198299,55.0,89028,29.0,47310,16.0,22603,78.0,839788,89.0,4020,25.0,1,0,1,0,Tuesday,0
2021-04-28,2135793,38.0,1227777,56.0,92150,30.0,50011,17.0,24412,84.0,888723,94.0,4027,25.0,1,0,2,0,Wednesday,0
2021-04-29,2028524,36.0,1166096,53.0,88705,29.0,47785,17.0,22201,77.0,873037,93.0,3881,24.0,1,0,3,0,Thursday,0
2021-04-30,2159476,39.0,1185321,54.0,93530,30.0,57364,20.0,22322,77.0,922720,98.0,3699,23.0,1,0,4,0,Friday,0
2021-05-01,1515211,47.0,818655,59.0,51067,43.0,41395,27.0,13263,77.0,849633,89.0,0,0.0,1,1,5,0,Saturday,0
2021-05-02,1153471,48.0,620063,64.0,41827,43.0,32683,31.0,11541,68.0,809865,95.0,0,0.0,1,1,6,0,Sunday,0
2021-05-03,1971010,34.0,1165505,51.0,91084,29.0,45800,16.0,21492,73.0,828506,86.0,3744,22.0,1,0,0,0,Monday,0
2021-05-04,2120071,37.0,1227250,54.0,93107,29.0,49415,17.0,22962,78.0,851039,88.0,4181,24.0,1,0,1,0,Tuesday,0
2021-05-05,2074543,36.0,1158445,51.0,91994,29.0,48351,17.0,23236,79.0,841968,87.0,3851,22.0,1,0,2,0,Wednesday,0
2021-05-06,2199943,38.0,1258536,55.0,94244,30.0,52748,18.0,23792,81.0,905604,94.0,4168,24.0,1,0,3,0,Thursday,0
2021-05-07,2238033,39.0,1222741,54.0,101637,32.0,61477,21.0,22730,77.0,936747,97.0,3827,22.0,1,0,4,0,Friday,0
2021-05-08,1444674,45.0,779188,56.0,56309,48.0,42664,28.0,13339,77.0,854156,89.0,0,0.0,1,1,5,0,Saturday,0
2021-05-09,1107878,46.0,576000,60.0,54074,55.0,37795,36.0,13897,82.0,854809,100.0,856,24.0,1,1,6,0,Sunday,0
2021-05-10,1990039,35.0,1149109,51.0,96813,30.0,50090,17.0,20751,71.0,844563,88.0,3850,22.0,1,0,0,0,Monday,0
2021-05-11,2148322,38.0,1231886,54.0,97358,30.0,51588,18.0,22751,77.0,873176,91.0,4227,24.0,1,0,1,0,Tuesday,0
2021-05-12,2182277,38.0,1238990,54.0,98930,31.0,53548,19.0,23946,81.0,887381,92.0,4193,24.0,1,0,2,0,Wednesday,0
2021-05-13,2163052,38.0,1182347,52.0,103047,32.0,55558,19.0,23439,80.0,918259,95.0,4112,24.0,1,0,3,0,Thursday,0
2021-05-14,2266974,40.0,1220112,54.0,104885,33.0,63394,22.0,22437,76.0,947064,98.0,3963,23.0,1,0,4,0,Friday,0
2021-05-15,1637231,51.0,844096,60.0,63079,53.0,49401,33.0,13516,78.0,891574,93.0,11,0.0,1,1,5,0,Saturday,0
2021-05-16,1201904,50.0,621750,65.0,49166,50.0,36227,35.0,11062,65.0,814177,96.0,14,0.0,1,1,6,0,Sunday,0
2021-05-17,2022584,35.0,1157960,51.0,98458,31.0,52803,18.0,20779,71.0,810018,84.0,3990,23.0,1,0,0,0,Monday,0
2021-05-18,2150049,38.0,1215676,53.0,100430,31.0,54920,19.0,22367,76.0,838307,87.0,4321,25.0,1,0,1,0,Tuesday,0
2021-05-19,2257549,39.0,1253578,55.0,104762,33.0,56851,20.0,23784,81.0,915644,95.0,4367,25.0,1,0,2,0,Wednesday,0
2021-05-20,2269471,40.0,1243965,55.0,106604,33.0,57425,20.0,23659,80.0,931659,97.0,4441,26.0,1,0,3,0,Thursday,0
2021-05-21,2331876,41.0,1221591,54.0,110077,34.0,67283,24.0,22520,77.0,965528,100.0,4264,25.0,1,0,4,0,Friday,0
2021-05-22,1645268,51.0,839877,60.0,66293,56.0,51249,34.0,13397,77.0,911148,95.0,1787,37.0,1,1,5,0,Saturday,0
2021-05-23,1268928,53.0,645466,67.0,58005,59.0,40613,39.0,11765,69.0,885740,104.0,1358,39.0,1,1,6,0,Sunday,0
2021-05-24,2118877,37.0,1192453,52.0,105528,33.0,55179,19.0,21563,73.0,869940,90.0,4252,24.0,1,0,0,0,Monday,0
2021-05-25,2270945,40.0,1253998,55.0,110871,35.0,58737,21.0,22854,78.0,902577,94.0,4683,27.0,1,0,1,0,Tuesday,0
2021-05-26,2275882,40.0,1241052,55.0,114548,36.0,59613,21.0,23594,80.0,921084,96.0,4429,25.0,1,0,2,0,Wednesday,0
2021-05-27,2352019,41.0,1246269,55.0,117293,37.0,62852,22.0,23450,80.0,970920,101.0,4619,27.0,1,0,3,0,Thursday,0
2021-05-28,2232599,39.0,1135369,50.0,112780,35.0,66048,23.0,21520,73.0,931760,97.0,4047,23.0,1,0,4,0,Friday,0
2021-05-29,1370135,43.0,648192,46.0,54774,46.0,38894,26.0,11734,68.0,744860,78.0,1332,27.0,1,1,5,0,Saturday,0
2021-05-30,1065176,45.0,484864,50.0,43418,45.0,30072,29.0,10028,59.0,664029,78.0,956,27.0,1,1,6,0,Sunday,0
2021-05-31,1389651,58.0,702801,73.0,102292,105.0,43039,41.0,10380,61.0,756187,89.0,1651,47.0,1,0,0,1,Monday,0
2021-06-01,2258831,40.0,1230127,57.0,114759,34.0,94923,32.0,22308,76.0,907698,92.0,4705,29.0,1,0,1,0,Tuesday,0
2021-06-02,2343745,42.0,1249102,58.0,112503,34.0,90821,31.0,24325,83.0,910385,93.0,4772,29.0,1,0,2,0,Wednesday,0
2021-06-03,2233917,40.0,1143159,53.0,102751,31.0,84815,29.0,23026,79.0,895524,91.0,4419,27.0,1,0,3,0,Thursday,0
2021-06-04,2310032,41.0,1160335,54.0,104564,31.0,88908,30.0,22743,78.0,930743,95.0,4308,27.0,1,0,4,0,Friday,0
2021-06-05,1792204,56.0,874545,62.0,72827,59.0,62687,40.0,14636,84.0,946758,96.0,0,0.0,1,1,5,0,Saturday,0
2021-06-06,1363344,52.0,654780,60.0,61866,63.0,51469,47.0,12514,69.0,921829,100.0,0,0.0,1,1,6,0,Sunday,0
2021-06-07,2223265,40.0,1200737,56.0,112097,34.0,89412,30.0,21511,73.0,897208,91.0,4348,27.0,1,0,0,0,Monday,0
2021-06-08,2265591,40.0,1175335,55.0,108346,33.0,87986,30.0,22948,78.0,878376,89.0,4561,28.0,1,0,1,0,Tuesday,0
2021-06-09,2386026,43.0,1259005,59.0,107918,32.0,90641,31.0,23868,81.0,908563,92.0,4586,28.0,1,0,2,0,Wednesday,0
2021-06-10,2473818,44.0,1276901,59.0,113236,34.0,91323,31.0,23498,80.0,951274,97.0,4801,30.0,1,0,3,0,Thursday,0
2021-06-11,2468258,44.0,1221484,57.0,118259,36.0,94566,32.0,23324,80.0,968763,99.0,4371,27.0,1,0,4,0,Friday,0
2021-06-12,1775538,55.0,849178,61.0,68188,55.0,61468,39.0,14450,83.0,919318,93.0,0,0.0,1,1,5,0,Saturday,0
2021-06-13,1379959,53.0,647385,59.0,59186,60.0,51712,47.0,12047,67.0,887098,96.0,0,0.0,1,1,6,0,Sunday,0
2021-06-14,2223186,40.0,1176722,55.0,115254,35.0,91064,31.0,21568,74.0,869235,88.0,4205,26.0,1,0,0,0,Monday,0
2021-06-15,2469785,44.0,1277203,59.0,117580,35.0,96688,33.0,23460,80.0,917933,93.0,4925,30.0,1,0,1,0,Tuesday,0
2021-06-16,2519444,45.0,1288040,60.0,119205,36.0,94690,32.0,24788,85.0,945955,96.0,4745,29.0,1,0,2,0,Wednesday,0
2021-06-17,2552497,46.0,1281552,60.0,121580,37.0,98435,33.0,23292,80.0,973485,99.0,4989,31.0,1,0,3,0,Thursday,0
2021-06-18,2572013,98.0,1235675,114.0,122848,125.0,104304,96.0,22491,124.0,989296,107.0,4549,117.0,1,0,4,1,Friday,0
2021-06-19,1784312,55.0,841519,60.0,76508,62.0,66134,42.0,13949,80.0,952944,97.0,0,0.0,1,1,5,1,Saturday,0
2021-06-20,1389352,53.0,652557,60.0,76969,78.0,60876,56.0,13189,73.0,951631,103.0,0,0.0,1,1,6,0,Sunday,0
2021-06-21,2264368,40.0,1191844,55.0,123918,37.0,95740,32.0,20512,70.0,926300,94.0,4601,28.0,1,0,0,0,Monday,0
2021-06-22,2354873,42.0,1172110,55.0,116165,35.0,97637,33.0,22293,76.0,896868,91.0,4648,29.0,1,0,1,0,Tuesday,0
2021-06-23,2547416,45.0,1264095,59.0,121867,37.0,101864,34.0,24223,83.0,946870,96.0,5027,31.0,1,0,2,0,Wednesday,0
2021-06-24,2552639,46.0,1248843,58.0,121542,37.0,100509,34.0,22842,78.0,978351,99.0,5045,31.0,1,0,3,0,Thursday,0
2021-06-25,2582713,46.0,1214123,56.0,126722,38.0,100537,34.0,22400,76.0,988675,101.0,4712,29.0,1,0,4,0,Friday,0
2021-06-26,1854179,58.0,841585,60.0,76560,62.0,66738,42.0,13520,78.0,950086,97.0,1682,33.0,1,1,5,0,Saturday,0
2021-06-27,1559967,60.0,656004,60.0,75058,76.0,62411,57.0,11883,66.0,900039,97.0,1436,37.0,1,1,6,0,Sunday,0
2021-06-28,2252362,40.0,1152019,54.0,122263,37.0,101482,34.0,20503,70.0,924740,94.0,4564,28.0,1,0,0,0,Monday,0
2021-06-29,2343739,42.0,1169268,54.0,119355,36.0,97829,33.0,21612,74.0,930011,95.0,4717,29.0,1,0,1,0,Tuesday,0
2021-06-30,2346388,42.0,1139886,53.0,119358,36.0,99455,34.0,23001,79.0,945822,96.0,4476,28.0,1,0,2,0,Wednesday,0
2021-07-01,2292461,43.0,1104516,53.0,114363,36.0,90018,32.0,22011,78.0,933638,97.0,4598,33.0,1,0,3,0,Thursday,0
2021-07-02,2296044,43.0,1121116,54.0,116542,37.0,94252,33.0,21489,76.0,920188,96.0,4258,31.0,0,0,4,0,Friday,0
2021-07-03,1541988,55.0,738089,55.0,63827,50.0,57381,37.0,12676,80.0,777262,84.0,1768,35.0,0,1,5,0,Saturday,0
2021-07-04,1468510,63.0,615001,56.0,70165,67.0,63948,60.0,12816,78.0,773629,87.0,1815,51.0,0,1,6,1,Sunday,0
2021-07-05,1495709,64.0,770321,70.0,78370,75.0,59711,56.0,10303,62.0,838087,95.0,2005,56.0,0,0,0,1,Monday,0
2021-07-06,2302002,44.0,1181416,57.0,127893,40.0,100494,35.0,22648,80.0,903777,94.0,4690,34.0,0,0,1,0,Tuesday,0
2021-07-07,2437064,46.0,1234617,60.0,122603,39.0,99137,35.0,23637,83.0,926634,96.0,5028,36.0,0,0,2,0,Wednesday,0
2021-07-08,2364250,45.0,1164513,56.0,116274,37.0,93197,33.0,22941,81.0,897858,93.0,4785,35.0,0,0,3,0,Thursday,0
2021-07-09,2318387,44.0,1115969,54.0,109420,35.0,88347,31.0,20632,73.0,888932,92.0,4325,31.0,0,0,4,0,Friday,0
2021-07-10,1781717,63.0,855908,63.0,72964,57.0,64429,42.0,14518,91.0,925950,100.0,2204,43.0,0,1,5,0,Saturday,0
2021-07-11,1365854,58.0,635511,58.0,62559,60.0,53178,50.0,11725,71.0,830775,94.0,1549,43.0,0,1,6,0,Sunday,0
2021-07-12,2245412,43.0,1171521,57.0,120503,38.0,99023,35.0,20623,73.0,866231,90.0,4563,33.0,0,0,0,0,Monday,0
2021-07-13,2457526,47.0,1239045,60.0,123373,39.0,105314,37.0,22286,79.0,895705,93.0,5117,37.0,0,0,1,0,Tuesday,0
2021-07-14,2517615,48.0,1260044,61.0,120455,38.0,101843,36.0,23662,83.0,919213,96.0,5018,36.0,0,0,2,0,Wednesday,0
2021-07-15,2581582,49.0,1275846,62.0,125587,40.0,105171,37.0,23772,84.0,971048,101.0,5209,38.0,0,0,3,0,Thursday,0
2021-07-16,2536569,48.0,1219118,59.0,123465,39.0,104331,37.0,21730,77.0,983846,102.0,4626,34.0,0,0,4,0,Friday,0
2021-07-17,1717480,61.0,795347,59.0,73001,57.0,64513,42.0,13228,83.0,897001,97.0,0,0.0,0,1,5,0,Saturday,0
2021-07-18,1405344,60.0,640618,58.0,67362,64.0,56174,53.0,11313,68.0,838604,95.0,0,0.0,0,1,6,0,Sunday,0
2021-07-19,2327756,44.0,1208792,58.0,126653,40.0,103403,37.0,20276,72.0,897298,93.0,4717,34.0,0,0,0,0,Monday,0
2021-07-20,2462002,47.0,1217802,59.0,125809,40.0,107009,38.0,22213,78.0,924495,96.0,5015,36.0,0,0,1,0,Tuesday,0
2021-07-21,2504568,47.0,1225595,59.0,121530,38.0,104862,37.0,22865,81.0,914902,95.0,4934,36.0,0,0,2,0,Wednesday,0
2021-07-22,2582151,49.0,1279778,62.0,127275,40.0,102275,36.0,23122,82.0,963493,100.0,5187,38.0,0,0,3,0,Thursday,0
2021-07-23,2552330,48.0,1219255,59.0,130474,41.0,101070,36.0,22314,79.0,985198,102.0,4713,34.0,0,0,4,0,Friday,0
2021-07-24,1852402,66.0,856250,63.0,84852,66.0,68579,44.0,14042,88.0,950568,103.0,0,0.0,0,1,5,0,Saturday,0
2021-07-25,1364830,58.0,625645,57.0,66417,63.0,53090,50.0,11419,69.0,864361,98.0,0,0.0,0,1,6,0,Sunday,0
2021-07-26,2318455,44.0,1219135,59.0,129875,41.0,101260,36.0,19910,70.0,907205,94.0,4714,34.0,0,0,0,0,Monday,0
2021-07-27,2487947,47.0,1267804,61.0,128262,41.0,102950,36.0,22609,80.0,918908,96.0,5132,37.0,0,0,1,0,Tuesday,0
2021-07-28,2534756,48.0,1276296,62.0,126767,40.0,99976,35.0,23145,82.0,932094,97.0,5004,36.0,0,0,2,0,Wednesday,0
2021-07-29,2428764,46.0,1186642,57.0,120318,38.0,94716,33.0,22164,78.0,918380,96.0,4743,34.0,0,0,3,0,Thursday,0
2021-07-30,2557677,48.0,1235623,60.0,131905,42.0,103531,37.0,22127,78.0,988596,103.0,4812,35.0,0,0,4,0,Friday,0
2021-07-31,1841007,65.0,857333,64.0,85371,67.0,67121,43.0,13932,88.0,953445,103.0,0,0.0,0,1,5,0,Saturday,0
2021-08-01,1351294,57.0,629963,57.0,66030,63.0,51978,50.0,11627,65.0,869092,94.0,0,0.0,0,1,6,0,Sunday,0
2021-08-02,2333923,45.0,1208484,60.0,126151,40.0,102349,38.0,19824,71.0,903514,93.0,4799,36.0,0,0,0,0,Monday,0
2021-08-03,2483802,48.0,1262043,63.0,123949,40.0,103249,38.0,22828,82.0,904753,93.0,5262,39.0,0,0,1,0,Tuesday,0
2021-08-04,2529002,49.0,1257876,62.0,123700,40.0,99332,36.0,23611,85.0,921068,95.0,5016,37.0,0,0,2,0,Wednesday,0
2021-08-05,2529190,49.0,1259332,62.0,119999,38.0,98290,36.0,22610,81.0,956306,98.0,5097,38.0,0,0,3,0,Thursday,0
2021-08-06,2519444,49.0,1222343,61.0,123238,39.0,101218,37.0,22179,79.0,979833,101.0,4500,34.0,0,0,4,0,Friday,0
2021-08-07,1780458,61.0,836715,61.0,76835,58.0,67267,44.0,14108,85.0,923751,96.0,0,0.0,0,1,5,0,Saturday,0
2021-08-08,1333885,56.0,598574,54.0,61066,59.0,54265,52.0,11934,66.0,843489,92.0,0,0.0,0,1,6,0,Sunday,0
2021-08-09,2289434,45.0,1183050,59.0,109865,35.0,95599,35.0,20540,74.0,891525,92.0,4845,36.0,0,0,0,0,Monday,0
2021-08-10,2442194,48.0,1245670,62.0,122544,39.0,95330,35.0,23079,83.0,905508,93.0,5037,38.0,0,0,1,0,Tuesday,0
2021-08-11,2475949,48.0,1246306,62.0,119708,38.0,94737,35.0,23338,84.0,931264,96.0,4928,37.0,0,0,2,0,Wednesday,0
2021-08-12,2448589,48.0,1223666,61.0,119717,38.0,90818,33.0,22427,80.0,965578,99.0,4764,36.0,0,0,3,0,Thursday,0
2021-08-13,2430102,47.0,1189426,59.0,123849,40.0,91861,34.0,21336,76.0,973883,100.0,4522,34.0,0,0,4,0,Friday,0
2021-08-14,1718222,58.0,811826,59.0,75664,57.0,57650,38.0,13157,79.0,904780,94.0,0,0.0,0,1,5,0,Saturday,0
2021-08-15,1430620,60.0,661705,60.0,72983,70.0,54362,52.0,12395,69.0,918288,100.0,0,0.0,0,1,6,0,Sunday,0
2021-08-16,2287627,45.0,1170216,58.0,123942,40.0,100258,37.0,20087,72.0,910779,94.0,4769,36.0,0,0,0,0,Monday,0
2021-08-17,2427611,47.0,1209633,60.0,120737,39.0,103616,38.0,22245,80.0,909180,94.0,5081,38.0,0,0,1,0,Tuesday,0
2021-08-18,2445638,48.0,1210760,60.0,117216,37.0,97853,36.0,22715,81.0,917872,94.0,4878,36.0,0,0,2,0,Wednesday,0
2021-08-19,2439624,47.0,1194375,59.0,117409,38.0,93036,34.0,21838,78.0,939085,97.0,4871,36.0,0,0,3,0,Thursday,0
2021-08-20,2456334,48.0,1183308,59.0,124627,40.0,99533,36.0,21451,77.0,969814,100.0,4590,34.0,0,0,4,0,Friday,0
2021-08-21,1715030,58.0,822340,60.0,72843,55.0,61997,41.0,13046,78.0,941331,98.0,1409,30.0,0,1,5,0,Saturday,0
2021-08-22,745240,31.0,369246,33.0,27528,26.0,16121,16.0,7979,44.0,489334,53.0,560,16.0,0,1,6,0,Sunday,0
2021-08-23,2052669,40.0,1032792,51.0,110003,35.0,84223,31.0,18809,67.0,821654,85.0,4062,30.0,0,0,0,0,Monday,0
2021-08-24,2462365,48.0,1234884,61.0,130591,42.0,98325,36.0,22679,81.0,942935,97.0,5041,38.0,0,0,1,0,Tuesday,0
2021-08-25,2498255,49.0,1236342,61.0,127392,41.0,93307,34.0,23351,84.0,957036,98.0,5165,39.0,0,0,2,0,Wednesday,0
2021-08-26,2480137,48.0,1222996,61.0,122067,39.0,91039,33.0,22068,79.0,950534,98.0,4995,37.0,0,0,3,0,Thursday,0
2021-08-27,2388210,46.0,1147249,57.0,119665,38.0,90532,33.0,21211,76.0,973335,100.0,4392,33.0,0,0,4,0,Friday,0
2021-08-28,1659434,56.0,776489,56.0,68988,52.0,56208,37.0,12760,77.0,890293,93.0,1661,35.0,0,1,5,0,Saturday,0
2021-08-29,1398566,59.0,630281,57.0,68832,66.0,54068,52.0,11558,64.0,890505,97.0,2076,58.0,0,1,6,0,Sunday,0
2021-08-30,2321000,45.0,1182908,59.0,131574,42.0,97092,36.0,19224,69.0,911105,94.0,4695,35.0,0,0,0,0,Monday,0
2021-08-31,2532584,49.0,1246463,62.0,133641,43.0,99949,37.0,22724,81.0,936181,96.0,5390,40.0,0,0,1,0,Tuesday,0
2021-09-01,2294448,40.0,1086148,47.0,118437,36.0,90598,31.0,20878,70.0,811053,85.0,4551,27.0,0,0,2,0,Wednesday,0
2021-09-02,1661558,29.0,1188941,51.0,105647,32.0,37898,13.0,21179,71.0,851145,89.0,2620,15.0,0,0,3,0,Thursday,0
2021-09-03,2390392,41.0,1221668,53.0,139807,43.0,97937,34.0,22585,76.0,1014806,107.0,4450,26.0,0,0,4,0,Friday,0
2021-09-04,1777639,55.0,834456,59.0,84764,72.0,57137,37.0,13382,78.0,927358,97.0,2104,51.0,0,1,5,0,Saturday,0
2021-09-05,1415352,56.0,618622,56.0,71004,72.0,45169,43.0,11931,69.0,832200,94.0,1541,53.0,0,1,6,0,Sunday,0
2021-09-06,1521388,60.0,733947,67.0,77906,79.0,51338,49.0,10077,59.0,812884,92.0,1966,67.0,0,0,0,1,Monday,0
2021-09-07,2233674,39.0,1102372,47.0,137623,42.0,113742,39.0,21143,71.0,902400,95.0,4795,28.0,0,0,1,0,Tuesday,0
2021-09-08,2529619,44.0,1192895,51.0,135722,41.0,110925,38.0,22354,75.0,896020,94.0,5228,31.0,0,0,2,0,Wednesday,0
2021-09-09,2702713,47.0,1249341,54.0,139547,43.0,111708,39.0,23653,80.0,911040,96.0,5378,31.0,0,0,3,0,Thursday,0
2021-09-10,2840443,49.0,1322430,57.0,150895,46.0,113495,39.0,23037,78.0,995486,105.0,5377,31.0,0,0,4,0,Friday,0
2021-09-11,1983091,62.0,870791,62.0,82235,69.0,65329,43.0,13070,76.0,917704,96.0,2182,53.0,0,1,5,0,Saturday,0
2021-09-12,1589976,62.0,694561,63.0,77028,78.0,58979,56.0,12239,71.0,899864,102.0,1679,57.0,0,1,6,0,Sunday,0
2021-09-13,2852796,49.0,1441516,62.0,147829,45.0,122504,42.0,21898,74.0,914827,96.0,6133,36.0,0,0,0,0,Monday,0
2021-09-14,3011275,52.0,1511145,65.0,144904,44.0,120532,42.0,23132,78.0,908024,95.0,6672,39.0,0,0,1,0,Tuesday,0
2021-09-15,2987334,52.0,1503627,65.0,139927,43.0,116413,40.0,23966,81.0,904733,95.0,6410,38.0,0,0,2,0,Wednesday,0
2021-09-16,2534545,44.0,1210069,52.0,127995,39.0,107680,37.0,20826,70.0,864413,91.0,5308,31.0,0,0,3,0,Thursday,0
2021-09-17,3028545,52.0,1456201,63.0,142120,43.0,119349,41.0,23282,78.0,982085,103.0,6131,36.0,0,0,4,0,Friday,0
2021-09-18,2014848,63.0,871175,62.0,77267,65.0,76288,50.0,14054,82.0,949178,99.0,2582,62.0,0,1,5,0,Saturday,0
2021-09-19,1596823,63.0,674024,61.0,69397,70.0,64139,61.0,12612,73.0,914623,103.0,1897,65.0,0,1,6,0,Sunday,0
2021-09-20,2883211,50.0,1481676,64.0,148068,45.0,122101,42.0,21889,74.0,895109,94.0,6548,38.0,0,0,0,0,Monday,0
2021-09-21,3018312,52.0,1505803,65.0,142672,44.0,123923,43.0,22399,75.0,860050,90.0,6998,41.0,0,0,1,0,Tuesday,0
2021-09-22,3021113,52.0,1506211,65.0,139853,43.0,120056,42.0,23157,78.0,872883,92.0,6812,40.0,0,0,2,0,Wednesday,0
2021-09-23,3016106,52.0,1483075,64.0,140127,43.0,115473,40.0,23031,78.0,915198,96.0,6724,39.0,0,0,3,0,Thursday,0
2021-09-24,3121747,54.0,1469705,63.0,142827,44.0,116730,40.0,21941,74.0,986694,104.0,6294,37.0,0,0,4,0,Friday,0
2021-09-25,2129492,66.0,872490,62.0,88460,75.0,81282,53.0,13909,81.0,953628,100.0,2719,66.0,0,1,5,0,Saturday,0
2021-09-26,1614677,63.0,657257,60.0,80069,81.0,64937,62.0,12034,70.0,895286,101.0,2238,77.0,0,1,6,0,Sunday,0
2021-09-27,2873368,50.0,1489441,64.0,146154,45.0,121534,42.0,21209,71.0,881116,93.0,6715,39.0,0,0,0,0,Monday,0
2021-09-28,2927715,51.0,1457421,63.0,141188,43.0,118253,41.0,21727,73.0,831192,87.0,6827,40.0,0,0,1,0,Tuesday,0
2021-09-29,3063720,53.0,1513184,65.0,137483,42.0,120032,42.0,23323,79.0,886785,93.0,6789,40.0,0,0,2,0,Wednesday,0
2021-09-30,3146861,55.0,1516081,65.0,144838,44.0,121842,42.0,23555,79.0,953501,100.0,7104,42.0,0,0,3,0,Thursday,0
2021-10-01,3162881,55.0,1492942,66.0,140003,45.0,116182,40.0,23098,78.0,985786,106.0,6325,35.0,0,0,4,0,Friday,0
2021-10-02,2063660,62.0,883902,63.0,86563,76.0,80946,53.0,14145,80.0,923455,98.0,2562,56.0,0,1,5,0,Saturday,0
2021-10-03,1575738,64.0,673253,67.0,74851,82.0,66758,63.0,12936,70.0,887540,105.0,1904,50.0,0,1,6,0,Sunday,0
2021-10-04,2864349,50.0,1419155,63.0,152598,49.0,121256,42.0,21794,73.0,871945,94.0,6591,37.0,0,0,0,0,Monday,0
2021-10-05,3091160,54.0,1499767,67.0,150226,48.0,124670,43.0,23644,79.0,887129,96.0,7027,39.0,0,0,1,0,Tuesday,0
2021-10-06,3140986,55.0,1532668,68.0,149640,48.0,123097,42.0,24677,83.0,913993,98.0,6972,39.0,0,0,2,0,Wednesday,0
2021-10-07,3190747,56.0,1523168,68.0,150072,48.0,121407,42.0,24571,83.0,951212,102.0,7298,41.0,0,0,3,0,Thursday,0
2021-10-08,3168473,55.0,1473912,65.0,153755,49.0,123609,43.0,23356,78.0,1001210,108.0,6660,37.0,0,0,4,0,Friday,0
2021-10-09,2052699,62.0,856308,62.0,84631,75.0,81969,54.0,13634,77.0,919384,97.0,47,1.0,0,1,5,0,Saturday,0
2021-10-10,1499385,61.0,601821,60.0,65636,72.0,59049,56.0,11794,64.0,806025,95.0,166,4.0,0,1,6,0,Sunday,0
2021-10-11,2263615,39.0,1045865,46.0,131714,42.0,114458,39.0,16917,57.0,878443,95.0,3883,22.0,0,0,0,1,Monday,0
2021-10-12,3102879,54.0,1514608,67.0,154602,49.0,128194,44.0,23848,80.0,910639,98.0,7292,41.0,0,0,1,0,Tuesday,0
2021-10-13,3157457,55.0,1511356,67.0,151319,48.0,124790,43.0,24396,82.0,907632,98.0,7198,40.0,0,0,2,0,Wednesday,0
2021-10-14,3240686,56.0,1527543,68.0,154572,49.0,126815,44.0,24144,81.0,952876,103.0,7386,41.0,0,0,3,0,Thursday,0
2021-10-15,3227068,56.0,1491099,66.0,150932,48.0,124654,43.0,23251,78.0,990940,107.0,6786,38.0,0,0,4,0,Friday,0
2021-10-16,2042027,61.0,856990,62.0,83415,74.0,74913,49.0,13307,75.0,896392,95.0,2369,52.0,0,1,5,0,Saturday,0
2021-10-17,1629991,66.0,663944,66.0,74826,82.0,69729,66.0,12564,68.0,891527,106.0,1853,49.0,0,1,6,0,Sunday,0
2021-10-18,2982883,52.0,1461843,65.0,153681,49.0,127381,44.0,21454,72.0,889996,96.0,6810,38.0,0,0,0,0,Monday,0
2021-10-19,3178208,55.0,1510722,67.0,153382,49.0,129993,45.0,23403,79.0,899389,97.0,7250,41.0,0,0,1,0,Tuesday,0
2021-10-20,3234327,56.0,1525608,68.0,155242,49.0,131127,45.0,24474,82.0,916246,99.0,7148,40.0,0,0,2,0,Wednesday,0
2021-10-21,3267697,57.0,1476434,65.0,149850,48.0,127259,44.0,24007,81.0,948652,102.0,7498,42.0,0,0,3,0,Thursday,0
2021-10-22,3225816,56.0,1471199,65.0,145810,46.0,126554,44.0,22843,77.0,986548,106.0,6297,35.0,0,0,4,0,Friday,0
2021-10-23,2077488,62.0,847596,61.0,74720,66.0,82865,54.0,13556,77.0,914737,97.0,2243,49.0,0,1,5,0,Saturday,0
2021-10-24,1599927,65.0,659283,66.0,69611,76.0,68154,65.0,12314,67.0,883371,105.0,1908,51.0,0,1,6,0,Sunday,0
2021-10-25,2994936,52.0,1461023,65.0,158330,50.0,125755,43.0,21724,73.0,883887,95.0,7026,39.0,0,0,0,0,Monday,0
2021-10-26,2702635,47.0,1233660,55.0,130109,41.0,104517,36.0,21220,71.0,738636,80.0,5278,30.0,0,0,1,0,Tuesday,0
2021-10-27,3300580,57.0,1503535,67.0,155865,50.0,129881,45.0,24144,81.0,914494,99.0,7054,40.0,0,0,2,0,Wednesday,0
2021-10-28,3365971,59.0,1515489,67.0,159574,51.0,132170,45.0,24814,83.0,959835,103.0,7605,43.0,0,0,3,0,Thursday,0
2021-10-29,3251779,57.0,1426938,63.0,153317,49.0,122632,42.0,22477,75.0,963442,104.0,6597,37.0,0,0,4,0,Friday,0
2021-10-30,2044310,61.0,819620,59.0,76471,67.0,69281,45.0,12642,72.0,854656,90.0,2177,48.0,0,1,5,0,Saturday,0
2021-10-31,1746769,71.0,656203,66.0,68674,75.0,66300,63.0,12233,67.0,824978,98.0,1910,51.0,0,1,6,0,Sunday,0
2021-11-01,3034306,54.0,1448304,66.0,158356,48.0,131251,46.0,21387,69.0,898451,95.0,6783,40.0,0,0,0,0,Monday,0
2021-11-02,2848222,51.0,1258180,57.0,147832,45.0,129297,45.0,22016,71.0,853432,90.0,5679,33.0,0,0,1,0,Tuesday,0
2021-11-03,3293732,58.0,1507287,69.0,154203,47.0,130954,46.0,23349,75.0,901230,96.0,7371,43.0,0,0,2,0,Wednesday,0
2021-11-04,3284315,58.0,1486942,68.0,151353,46.0,126533,44.0,24009,77.0,931012,99.0,7210,42.0,0,0,3,0,Thursday,0
2021-11-05,3293438,58.0,1457014,67.0,150227,46.0,121824,43.0,23009,74.0,966007,102.0,6769,40.0,0,0,4,0,Friday,0
2021-11-06,2195864,69.0,864499,66.0,84943,74.0,80784,53.0,13672,81.0,910587,100.0,2410,70.0,0,1,5,0,Saturday,0
2021-11-07,1888985,75.0,614513,62.0,81181,86.0,72175,69.0,10647,57.0,780686,95.0,2978,97.0,0,1,6,0,Sunday,0
2021-11-08,3065533,54.0,1461178,67.0,159723,49.0,131127,46.0,22136,71.0,889544,94.0,6921,41.0,0,0,0,0,Monday,0
2021-11-09,3279457,58.0,1518264,69.0,157181,48.0,134070,47.0,24504,78.0,898518,95.0,7677,45.0,0,0,1,0,Tuesday,0
2021-11-10,3351992,59.0,1514453,69.0,159254,48.0,134400,47.0,24608,79.0,926005,98.0,7445,44.0,0,0,2,0,Wednesday,0
2021-11-11,2922235,116.0,1198235,120.0,143386,152.0,122940,118.0,19846,105.0,895643,109.0,5493,179.0,0,0,3,1,Thursday,0
2021-11-12,3158682,56.0,1350608,62.0,141671,43.0,117650,41.0,21598,69.0,919941,98.0,6082,36.0,0,0,4,0,Friday,0
2021-11-13,2169863,69.0,815114,62.0,80829,70.0,74296,49.0,13124,77.0,869112,96.0,2286,66.0,0,1,5,0,Saturday,0
2021-11-14,1703136,68.0,657129,66.0,72488,77.0,62856,60.0,12460,66.0,858311,104.0,1772,58.0,0,1,6,0,Sunday,0
2021-11-15,3110969,55.0,1437414,66.0,160952,49.0,132234,46.0,22208,71.0,890524,94.0,6792,40.0,0,0,0,0,Monday,0
2021-11-16,3340844,59.0,1492110,68.0,161362,49.0,137235,48.0,23694,76.0,902386,96.0,7472,44.0,0,0,1,0,Tuesday,0
2021-11-17,3369069,60.0,1501740,69.0,158372,48.0,131113,46.0,24396,78.0,915266,97.0,7453,44.0,0,0,2,0,Wednesday,0
2021-11-18,3412249,61.0,1505488,69.0,157433,48.0,132632,46.0,24071,77.0,959226,102.0,7511,44.0,0,0,3,0,Thursday,0
2021-11-19,3316999,59.0,1429787,65.0,151795,46.0,127093,44.0,22662,73.0,987149,105.0,6842,40.0,0,0,4,0,Friday,0
2021-11-20,2135731,68.0,861772,65.0,94412,82.0,82894,55.0,13195,78.0,915131,101.0,2367,68.0,0,1,5,0,Saturday,0
2021-11-21,1674206,66.0,674551,68.0,80467,85.0,66859,64.0,12774,68.0,841901,102.0,1827,60.0,0,1,6,0,Sunday,0
2021-11-22,3130363,56.0,1418226,65.0,156874,48.0,127776,45.0,21441,69.0,901942,96.0,6896,41.0,0,0,0,0,Monday,0
2021-11-23,3286591,58.0,1424890,65.0,162241,49.0,136562,48.0,22574,72.0,989345,105.0,7194,42.0,0,0,1,0,Tuesday,0
2021-11-24,3085289,55.0,1343391,61.0,165349,50.0,139391,49.0,21002,67.0,992568,105.0,6589,39.0,0,0,2,0,Wednesday,0
2021-11-25,1357198,54.0,509782,51.0,125417,133.0,69945,67.0,15459,82.0,861084,105.0,1990,65.0,0,0,3,1,Thursday,0
2021-11-26,2089772,83.0,843588,85.0,128452,136.0,108747,104.0,11077,59.0,789915,96.0,3205,104.0,0,0,4,0,Friday,0
2021-11-27,1880422,60.0,750986,57.0,83676,73.0,76112,50.0,10620,63.0,850980,94.0,2216,64.0,0,1,5,0,Saturday,0
2021-11-28,1465745,58.0,592081,59.0,75197,80.0,65128,63.0,10481,56.0,825585,100.0,1669,54.0,0,1,6,0,Sunday,0
2021-11-29,2996015,53.0,1381661,63.0,166154,51.0,132498,46.0,21124,68.0,900399,95.0,6692,39.0,0,0,0,0,Monday,0
2021-11-30,3207209,57.0,1432539,65.0,166738,51.0,136630,48.0,22469,72.0,897216,95.0,7124,42.0,0,0,1,0,Tuesday,0
2021-12-01,3326469,62.0,1463384,73.0,163163,52.0,136126,49.0,23347,80.0,899319,102.0,7266,47.0,0,0,2,0,Wednesday,0
2021-12-02,3358843,63.0,1449142,72.0,154723,49.0,127508,46.0,22540,77.0,923179,104.0,7290,47.0,0,0,3,0,Thursday,0
2021-12-03,3374097,63.0,1419078,71.0,144500,46.0,119424,43.0,22518,77.0,940827,106.0,6442,41.0,0,0,4,0,Friday,0
2021-12-04,2318147,70.0,864764,68.0,91477,71.0,81392,52.0,13317,77.0,864918,98.0,56,1.0,0,1,5,0,Saturday,0
2021-12-05,1737352,68.0,665129,68.0,72716,68.0,60526,56.0,12541,70.0,818544,103.0,193,6.0,0,1,6,0,Sunday,0
2021-12-06,3135869,59.0,1394230,70.0,154970,49.0,127260,46.0,21761,75.0,865595,98.0,6687,43.0,0,0,0,0,Monday,0
2021-12-07,3367790,63.0,1453136,73.0,153749,49.0,131033,47.0,23262,80.0,883027,100.0,7367,47.0,0,0,1,0,Tuesday,0
2021-12-08,3378727,63.0,1430106,71.0,156218,49.0,130222,47.0,22691,78.0,889409,100.0,6948,45.0,0,0,2,0,Wednesday,0
2021-12-09,3433600,64.0,1436883,72.0,154367,49.0,126159,45.0,22743,78.0,927903,105.0,7222,46.0,0,0,3,0,Thursday,0
2021-12-10,3417451,64.0,1404176,70.0,152524,48.0,127711,46.0,22237,76.0,962125,109.0,6331,41.0,0,0,4,0,Friday,0
2021-12-11,2266265,68.0,786137,62.0,91894,72.0,81068,52.0,13396,78.0,863814,98.0,2291,46.0,0,1,5,0,Saturday,0
2021-12-12,1829872,72.0,627007,64.0,80874,76.0,66471,62.0,12189,68.0,828121,104.0,1833,54.0,0,1,6,0,Sunday,0
2021-12-13,3120850,58.0,1333718,67.0,153387,49.0,129698,46.0,21617,74.0,874293,99.0,6769,43.0,0,0,0,0,Monday,0
2021-12-14,3274170,61.0,1378221,69.0,154939,49.0,131812,47.0,23042,79.0,894669,101.0,7124,46.0,0,0,1,0,Tuesday,0
2021-12-15,3242168,61.0,1436154,72.0,153128,48.0,129761,47.0,23732,81.0,921048,104.0,6908,44.0,0,0,2,0,Wednesday,0
2021-12-16,3219799,60.0,1438193,72.0,152710,48.0,126131,45.0,23623,81.0,948535,107.0,7043,45.0,0,0,3,0,Thursday,0
2021-12-17,3112088,58.0,1375383,69.0,146111,46.0,121037,43.0,22539,77.0,968689,109.0,6404,41.0,0,0,4,0,Friday,0
2021-12-18,1880969,57.0,786073,62.0,74306,58.0,66097,42.0,12312,71.0,832994,94.0,1987,40.0,0,1,5,0,Saturday,0
2021-12-19,1579809,62.0,636393,65.0,65698,62.0,56292,52.0,12238,69.0,784051,98.0,1694,50.0,0,1,6,0,Sunday,0
2021-12-20,2716451,51.0,1277654,64.0,132078,42.0,102695,37.0,20318,70.0,856849,97.0,5979,38.0,0,0,0,0,Monday,0
2021-12-21,2697325,51.0,1299476,65.0,124376,39.0,97141,35.0,21656,74.0,866595,98.0,5772,37.0,0,0,1,0,Tuesday,0
2021-12-22,2634565,49.0,1252621,63.0,117678,37.0,92941,33.0,21673,74.0,878197,99.0,5594,36.0,0,0,2,0,Wednesday,0
2021-12-23,2486489,47.0,1166953,58.0,118388,37.0,97238,35.0,19335,66.0,899513,102.0,5000,32.0,0,0,3,0,Thursday,0
2021-12-24,1575449,62.0,746809,76.0,97408,91.0,81055,75.0,12009,67.0,738612,93.0,2289,67.0,0,0,4,1,Friday,0
2021-12-25,810937,24.0,329549,26.0,39466,31.0,31575,20.0,9021,52.0,582582,66.0,1008,20.0,0,1,5,1,Saturday,0
2021-12-26,1284738,51.0,518897,53.0,56467,53.0,51478,48.0,8744,49.0,673477,85.0,1746,51.0,0,1,6,0,Sunday,0
2021-12-27,2007649,38.0,890096,44.0,108463,34.0,89427,32.0,14952,51.0,744547,84.0,4026,26.0,0,0,0,0,Monday,0
2021-12-28,2168419,41.0,953933,48.0,109904,35.0,89719,32.0,16736,57.0,764364,86.0,4372,28.0,0,0,1,0,Tuesday,0
2021-12-29,2167077,41.0,921562,46.0,105898,34.0,92605,33.0,16859,58.0,768653,87.0,3996,26.0,0,0,2,0,Wednesday,0
2021-12-30,2198415,41.0,928012,46.0,110101,35.0,90827,33.0,16177,55.0,804654,91.0,3944,25.0,0,0,3,0,Thursday,0
2021-12-31,1627589,64.0,699749,71.0,96699,91.0,85232,79.0,11498,64.0,628305,79.0,2270,67.0,0,0,4,1,Friday,0
2022-01-01,1027918,38.0,350845,29.0,33980,35.0,30341,23.0,4904,34.0,498515,65.0,1262,31.0,0,1,5,1,Saturday,0
2022-01-02,1219735,58.0,475096,52.0,49155,59.0,42587,47.0,8383,62.0,624655,92.0,1571,57.0,0,1,6,0,Sunday,0
2022-01-03,2168229,42.0,1000002,49.0,102961,34.0,83990,31.0,16437,58.0,692740,80.0,4515,28.0,0,0,0,0,Monday,0
2022-01-04,2289352,45.0,1082360,53.0,104247,34.0,81978,30.0,17909,63.0,733369,84.0,4795,29.0,0,0,1,0,Tuesday,0
2022-01-05,2267942,44.0,1078511,53.0,98251,33.0,77579,29.0,18861,67.0,709060,82.0,4659,28.0,0,0,2,0,Wednesday,0
2022-01-06,2391176,46.0,1146904,56.0,103562,34.0,82567,31.0,18672,66.0,780026,90.0,4909,30.0,0,0,3,0,Thursday,0
2022-01-07,2121941,41.0,880997,43.0,90207,30.0,73067,27.0,14203,50.0,559774,64.0,3628,22.0,0,0,4,0,Friday,0
2022-01-08,1486065,55.0,631341,53.0,51707,53.0,46428,36.0,9126,63.0,641533,84.0,1672,41.0,0,1,5,0,Saturday,0
2022-01-09,1102472,53.0,475438,52.0,43383,52.0,35309,39.0,7916,59.0,567494,83.0,1210,44.0,0,1,6,0,Sunday,0
2022-01-10,2347323,46.0,1147341,56.0,116463,39.0,90220,34.0,18268,65.0,762712,88.0,4954,30.0,0,0,0,0,Monday,0
2022-01-11,2266378,44.0,1040581,51.0,104378,35.0,81438,30.0,17388,61.0,753381,87.0,4655,28.0,0,0,1,0,Tuesday,0
2022-01-12,2459224,48.0,1179931,58.0,111022,37.0,86050,32.0,19679,70.0,784901,90.0,5024,31.0,0,0,2,0,Wednesday,0
2022-01-13,2524197,49.0,1218552,60.0,112519,37.0,87672,33.0,19918,70.0,821641,95.0,5132,31.0,0,0,3,0,Thursday,0
2022-01-14,2522972,49.0,1186647,58.0,109199,36.0,88634,33.0,18878,67.0,866901,100.0,4774,29.0,0,0,4,0,Friday,0
2022-01-15,1434676,53.0,573037,48.0,53410,55.0,45309,35.0,9510,66.0,703293,92.0,1449,35.0,0,1,5,0,Saturday,0
2022-01-16,1165626,56.0,456257,50.0,43578,53.0,38025,42.0,8545,63.0,621361,91.0,1140,42.0,0,1,6,0,Sunday,0
2022-01-17,1600048,77.0,694066,76.0,98738,119.0,44075,49.0,8760,65.0,649397,95.0,2190,80.0,0,0,0,1,Monday,0
2022-01-18,2541044,49.0,1222195,60.0,125615,42.0,100364,37.0,19389,69.0,815605,94.0,5381,33.0,0,0,1,0,Tuesday,0
2022-01-19,2642129,51.0,1286788,63.0,121249,40.0,96281,36.0,21111,75.0,829778,95.0,5598,34.0,0,0,2,0,Wednesday,0
2022-01-20,2545486,49.0,1181953,58.0,112595,37.0,88196,33.0,18616,66.0,766608,88.0,5031,31.0,0,0,3,0,Thursday,0
2022-01-21,2565781,50.0,1151816,56.0,113474,38.0,91079,34.0,19079,67.0,864079,99.0,4748,29.0,0,0,4,0,Friday,0
2022-01-22,1583650,58.0,655490,55.0,59412,61.0,53737,41.0,10455,72.0,735629,96.0,1642,40.0,0,1,5,0,Saturday,0
2022-01-23,1245716,60.0,529115,58.0,48672,59.0,43647,48.0,9446,70.0,685007,100.0,1245,45.0,0,1,6,0,Sunday,0
2022-01-24,2536827,49.0,1244112,61.0,127750,42.0,100520,37.0,19472,69.0,791390,91.0,5188,32.0,0,0,0,0,Monday,0
2022-01-25,2701246,53.0,1308979,64.0,124499,41.0,98859,37.0,21233,75.0,817021,94.0,5625,34.0,0,0,1,0,Tuesday,0
2022-01-26,2711803,53.0,1266798,62.0,118625,39.0,96253,36.0,21033,74.0,833936,96.0,5197,32.0,0,0,2,0,Wednesday,0
2022-01-27,2724979,53.0,1275573,62.0,119039,39.0,95748,36.0,20934,74.0,869615,100.0,5271,32.0,0,0,3,0,Thursday,0
2022-01-28,2703403,53.0,1208092,59.0,120912,40.0,96409,36.0,20115,71.0,866261,100.0,4994,30.0,0,0,4,0,Friday,0
2022-01-29,999347,37.0,271959,23.0,8142,8.0,22016,17.0,5353,37.0,174348,23.0,852,21.0,0,1,5,0,Saturday,0
2022-01-30,1262477,60.0,460299,50.0,47852,58.0,45002,50.0,5974,44.0,506466,74.0,1233,45.0,0,1,6,0,Sunday,0
2022-01-31,2575762,50.0,1139164,56.0,132248,44.0,109718,41.0,18400,65.0,777628,89.0,4968,30.0,0,0,0,0,Monday,0
2022-02-01,2635083,49.0,1127084,52.0,135255,45.0,111424,41.0,20357,69.0,804390,91.0,4993,31.0,0,0,1,0,Tuesday,0
2022-02-02,2940152,54.0,1314898,61.0,140059,46.0,110996,41.0,22427,76.0,846701,96.0,5830,36.0,0,0,2,0,Wednesday,0
2022-02-03,2914198,54.0,1304726,61.0,126901,42.0,104093,39.0,22325,76.0,853193,97.0,5750,36.0,0,0,3,0,Thursday,0
2022-02-04,2725725,50.0,1176367,55.0,117899,39.0,94290,35.0,18557,63.0,781068,88.0,5072,31.0,0,0,4,0,Friday,0
2022-02-05,1792780,63.0,726750,57.0,61201,65.0,61496,47.0,11377,70.0,775134,93.0,1835,43.0,0,1,5,0,Saturday,0
2022-02-06,1323892,60.0,558211,57.0,51472,66.0,48395,53.0,10621,63.0,744779,99.0,1388,49.0,0,1,6,0,Sunday,0
2022-02-07,2784230,51.0,1297024,60.0,136455,45.0,111297,41.0,21120,72.0,809094,92.0,5711,35.0,0,0,0,0,Monday,0
2022-02-08,3016648,56.0,1387432,64.0,141653,47.0,119190,44.0,22667,77.0,851665,96.0,6254,39.0,0,0,1,0,Tuesday,0
2022-02-09,3088775,57.0,1421706,66.0,143673,47.0,115341,43.0,23863,81.0,868057,98.0,6297,39.0,0,0,2,0,Wednesday,0
2022-02-10,3112489,57.0,1423775,66.0,143062,47.0,115707,43.0,23341,79.0,905812,103.0,6362,39.0,0,0,3,0,Thursday,0
2022-02-11,3015472,56.0,1348189,63.0,131038,43.0,110674,41.0,22608,77.0,939270,106.0,5570,34.0,0,0,4,0,Friday,0
2022-02-12,2026308,71.0,820629,65.0,71709,77.0,71813,55.0,13376,82.0,867255,104.0,2295,54.0,0,1,5,0,Saturday,0
2022-02-13,1349864,62.0,510307,52.0,50534,65.0,46395,51.0,10013,59.0,655107,87.0,1322,47.0,0,1,6,0,Sunday,0
2022-02-14,2907825,54.0,1272100,59.0,142507,47.0,113260,42.0,20812,71.0,862473,98.0,5803,36.0,0,0,0,0,Monday,0
2022-02-15,3030742,56.0,1340123,62.0,146607,48.0,119034,44.0,21922,74.0,873240,99.0,6447,40.0,0,0,1,0,Tuesday,0
2022-02-16,3100639,57.0,1406714,65.0,140431,46.0,115325,43.0,23513,80.0,875377,99.0,6337,39.0,0,0,2,0,Wednesday,0
2022-02-17,3109956,57.0,1408571,65.0,141226,47.0,115718,43.0,23713,81.0,911310,103.0,6527,40.0,0,0,3,0,Thursday,0
2022-02-18,2953785,54.0,1285978,60.0,129403,43.0,112030,42.0,21470,73.0,947650,107.0,5677,35.0,0,0,4,0,Friday,0
2022-02-19,1792136,62.0,723602,57.0,64696,69.0,66545,51.0,12171,75.0,813140,98.0,2108,49.0,0,1,5,0,Saturday,0
2022-02-20,1477125,67.0,571789,59.0,55015,70.0,54863,60.0,11017,65.0,768971,102.0,1517,54.0,0,1,6,0,Sunday,0
2022-02-21,1942267,89.0,873961,89.0,109882,141.0,63892,70.0,12500,74.0,816227,108.0,2781,99.0,0,0,0,1,Monday,0
2022-02-22,2669508,49.0,1143526,53.0,135406,45.0,112764,42.0,19233,65.0,846877,96.0,5767,36.0,0,0,1,0,Tuesday,0
2022-02-23,2894245,53.0,1247209,58.0,140229,46.0,119188,44.0,23807,81.0,892767,101.0,6116,38.0,0,0,2,0,Wednesday,0
2022-02-24,2858146,53.0,1196924,56.0,132496,44.0,110395,41.0,21868,74.0,911720,103.0,5879,36.0,0,0,3,0,Thursday,0
2022-02-25,2575630,47.0,1027563,48.0,114658,38.0,90953,34.0,18740,64.0,794852,90.0,4544,28.0,0,0,4,0,Friday,0
2022-02-26,1824833,64.0,775358,61.0,71783,77.0,61573,47.0,12226,75.0,847294,102.0,2012,47.0,0,1,5,0,Saturday,0
2022-02-27,1403227,64.0,604646,62.0,62913,81.0,51604,57.0,11337,67.0,802377,106.0,1523,54.0,0,1,6,0,Sunday,0
2022-02-28,2915786,54.0,1362855,63.0,134902,45.0,118572,44.0,21929,75.0,859177,97.0,6170,38.0,0,0,0,0,Monday,0
2022-03-01,3138181,56.0,1435834,64.0,165769,53.0,150787,55.0,22944,77.0,873348,95.0,6655,42.0,0,0,1,0,Tuesday,0
2022-03-02,3208166,58.0,1463263,65.0,159238,51.0,140945,51.0,24289,82.0,896503,97.0,6680,42.0,0,0,2,0,Wednesday,0
2022-03-03,3207495,58.0,1434851,64.0,152883,49.0,132506,48.0,23800,80.0,923154,100.0,6674,42.0,0,0,3,0,Thursday,0
2022-03-04,3077537,55.0,1363159,61.0,145518,46.0,125143,45.0,22821,77.0,957694,104.0,5807,36.0,0,0,4,0,Friday,0
2022-03-05,1955535,64.0,812774,61.0,69010,64.0,70427,52.0,13269,78.0,865292,99.0,2116,42.0,0,1,5,0,Saturday,0
2022-03-06,1444501,63.0,600501,60.0,53034,61.0,52874,56.0,12557,71.0,787598,98.0,1550,49.0,0,1,6,0,Sunday,0
2022-03-07,2980920,54.0,1395540,62.0,153907,49.0,129784,47.0,22465,76.0,861409,93.0,6161,39.0,0,0,0,0,Monday,0
2022-03-08,3244473,58.0,1456451,65.0,158652,51.0,138811,50.0,24076,81.0,894132,97.0,6923,43.0,0,0,1,0,Tuesday,0
2022-03-09,3113559,56.0,1338822,60.0,153393,49.0,129056,47.0,23477,79.0,832720,90.0,6200,39.0,0,0,2,0,Wednesday,0
2022-03-10,3339363,60.0,1476288,66.0,163931,52.0,140107,51.0,24515,82.0,945191,103.0,6914,43.0,0,0,3,0,Thursday,0
2022-03-11,3195956,57.0,1419371,63.0,158985,51.0,135371,49.0,23736,80.0,986555,107.0,6150,39.0,0,0,4,0,Friday,0
2022-03-12,1663893,54.0,637601,48.0,51679,48.0,59927,44.0,10655,63.0,669502,77.0,1748,35.0,0,1,5,0,Saturday,0
2022-03-13,1479406,65.0,590753,59.0,59964,69.0,57548,61.0,11491,65.0,792377,98.0,1524,48.0,0,1,6,0,Sunday,0
2022-03-14,3008800,54.0,1406578,63.0,159962,51.0,134093,49.0,22480,76.0,879699,95.0,6416,40.0,0,0,0,0,Monday,0
2022-03-15,3275906,59.0,1454522,65.0,171406,55.0,146786,53.0,24272,82.0,906028,98.0,7287,46.0,0,0,1,0,Tuesday,0
2022-03-16,3332335,60.0,1476356,66.0,168768,54.0,145085,53.0,25305,85.0,914284,99.0,7009,44.0,0,0,2,0,Wednesday,0
2022-03-17,3175784,57.0,1350810,60.0,166884,53.0,135727,49.0,22946,77.0,888875,96.0,6768,42.0,0,0,3,0,Thursday,0
2022-03-18,3275433,59.0,1402806,63.0,163169,52.0,137528,50.0,24019,81.0,978491,106.0,6288,39.0,0,0,4,0,Friday,0
2022-03-19,2001839,65.0,820933,62.0,74087,69.0,73974,54.0,12877,76.0,872810,100.0,2050,40.0,0,1,5,0,Saturday,0
2022-03-20,1656673,72.0,628693,63.0,67551,78.0,63818,68.0,12736,72.0,879711,109.0,1722,55.0,0,1,6,0,Sunday,0
2022-03-21,3034759,55.0,1418900,63.0,165487,53.0,134182,49.0,22229,75.0,880846,96.0,6367,40.0,0,0,0,0,Monday,0
2022-03-22,3276940,59.0,1471299,66.0,168328,54.0,144765,53.0,23948,81.0,891089,97.0,7082,44.0,0,0,1,0,Tuesday,0
2022-03-23,3275708,59.0,1438665,64.0,161202,51.0,138873,50.0,24574,83.0,891509,97.0,6540,41.0,0,0,2,0,Wednesday,0
2022-03-24,3212181,58.0,1373850,61.0,162392,52.0,134129,49.0,22998,77.0,900384,98.0,6513,41.0,0,0,3,0,Thursday,0
2022-03-25,3218970,58.0,1397899,62.0,158528,51.0,133368,48.0,23274,78.0,967743,105.0,6075,38.0,0,0,4,0,Friday,0
2022-03-26,2024596,66.0,783499,59.0,71809,67.0,73933,54.0,13208,78.0,875353,101.0,2154,43.0,0,1,5,0,Saturday,0
2022-03-27,1534056,67.0,628313,63.0,64950,75.0,58044,62.0,11809,67.0,830360,103.0,1602,51.0,0,1,6,0,Sunday,0
2022-03-28,2989874,54.0,1336330,60.0,153222,49.0,130886,47.0,22114,74.0,868259,94.0,6096,38.0,0,0,0,0,Monday,0
2022-03-29,3291883,59.0,1430099,64.0,163218,52.0,143870,52.0,23981,81.0,886086,96.0,6900,43.0,0,0,1,0,Tuesday,0
2022-03-30,3336073,60.0,1465351,65.0,164882,53.0,143216,52.0,24620,83.0,913063,99.0,6920,43.0,0,0,2,0,Wednesday,0
2022-03-31,3323135,60.0,1450363,65.0,164074,52.0,139602,51.0,24308,82.0,941530,102.0,6890,43.0,0,0,3,0,Thursday,0
2022-04-01,3237107,58.0,1411421,65.0,145251,47.0,120557,42.0,24017,83.0,972802,103.0,5972,37.0,0,0,4,0,Friday,0
2022-04-02,2128435,67.0,879513,66.0,77205,68.0,80471,54.0,14382,86.0,893814,98.0,2484,49.0,0,1,5,0,Saturday,0
2022-04-03,1463932,60.0,607152,61.0,58819,64.0,53761,52.0,12947,69.0,790600,91.0,1419,43.0,0,1,6,0,Sunday,0
2022-04-04,3127667,56.0,1447820,66.0,159541,51.0,135920,47.0,23746,82.0,899510,96.0,6676,41.0,0,0,0,0,Monday,0
2022-04-05,3356454,60.0,1484961,68.0,170140,55.0,150671,53.0,24873,86.0,904813,96.0,7089,44.0,0,0,1,0,Tuesday,0
2022-04-06,3311547,59.0,1403198,64.0,163830,53.0,142810,50.0,25103,87.0,890470,95.0,6569,40.0,0,0,2,0,Wednesday,0
2022-04-07,3307076,59.0,1379678,63.0,161276,52.0,140249,49.0,24107,83.0,901454,96.0,6636,41.0,0,0,3,0,Thursday,0
2022-04-08,3347754,60.0,1443367,66.0,160905,52.0,140791,49.0,24488,85.0,998348,106.0,6342,39.0,0,0,4,0,Friday,0
2022-04-09,2190396,69.0,868945,65.0,81562,71.0,86611,58.0,13969,84.0,897690,98.0,66,1.0,0,1,5,0,Saturday,0
2022-04-10,1707748,70.0,667662,67.0,63204,69.0,66112,64.0,13935,75.0,850153,98.0,13,0.0,0,1,6,0,Sunday,0
2022-04-11,3205728,57.0,1433226,66.0,161131,52.0,140224,49.0,23569,81.0,901316,96.0,6354,39.0,0,0,0,0,Monday,0
2022-04-12,3078069,55.0,1496004,68.0,172294,56.0,149369,52.0,25286,87.0,936334,100.0,7099,44.0,0,0,1,0,Tuesday,0
2022-04-13,3220964,58.0,1495891,68.0,163448,53.0,147043,51.0,25847,89.0,949712,101.0,6593,41.0,0,0,2,0,Wednesday,0
2022-04-14,3297697,59.0,1438990,66.0,162946,52.0,144335,50.0,25073,87.0,982717,104.0,6381,39.0,0,0,3,0,Thursday,0
2022-04-15,2761532,50.0,1137728,52.0,166068,53.0,140217,49.0,20908,72.0,973156,103.0,4728,29.0,0,0,4,0,Friday,0
2022-04-16,1986306,63.0,830874,62.0,89011,78.0,83725,56.0,13413,80.0,885536,97.0,2133,42.0,0,1,5,0,Saturday,0
2022-04-17,1512633,62.0,596619,60.0,71258,78.0,71704,70.0,14704,79.0,845418,98.0,1640,50.0,0,1,6,0,Sunday,0
2022-04-18,2676254,48.0,1145261,52.0,154315,50.0,139151,49.0,20245,70.0,901207,96.0,5209,32.0,0,0,0,0,Monday,0
2022-04-19,2962130,53.0,1189960,54.0,168354,54.0,151518,53.0,22359,77.0,895086,95.0,5841,36.0,0,0,1,0,Tuesday,0
2022-04-20,3098046,56.0,1265823,58.0,171730,55.0,155674,54.0,24212,84.0,942383,100.0,6097,38.0,0,0,2,0,Wednesday,0
2022-04-21,3033422,54.0,1231047,56.0,165823,53.0,147535,51.0,23239,80.0,920202,98.0,5738,35.0,0,0,3,0,Thursday,0
2022-04-22,2985684,54.0,1217380,56.0,157943,51.0,145606,51.0,22298,77.0,935779,99.0,5340,33.0,0,0,4,0,Friday,0
2022-04-23,2109188,67.0,844146,63.0,79436,70.0,89804,60.0,13459,81.0,907580,99.0,59,1.0,0,1,5,0,Saturday,0
2022-04-24,1655860,68.0,648591,65.0,64842,71.0,67580,66.0,12927,69.0,875218,101.0,3,0.0,0,1,6,0,Sunday,0
2022-04-25,3026541,54.0,1415638,65.0,159569,51.0,138979,48.0,22370,77.0,883942,94.0,6322,39.0,0,0,0,0,Monday,0
2022-04-26,3281657,59.0,1453452,66.0,172171,55.0,153893,54.0,23800,82.0,897493,95.0,7024,43.0,0,0,1,0,Tuesday,0
2022-04-27,3432282,62.0,1500437,69.0,172613,56.0,153109,53.0,25229,87.0,934481,99.0,6903,43.0,0,0,2,0,Wednesday,0
2022-04-28,3404938,61.0,1468093,67.0,167300,54.0,146321,51.0,24321,84.0,968651,103.0,6765,42.0,0,0,3,0,Thursday,0
2022-04-29,3257634,58.0,1429909,65.0,164944,53.0,136881,48.0,23421,81.0,994415,106.0,5900,36.0,0,0,4,0,Friday,0
2022-04-30,2108746,67.0,884540,66.0,82887,73.0,82838,56.0,14223,85.0,938739,103.0,2123,41.0,0,1,5,0,Saturday,0
2022-05-01,1683953,70.0,676070,70.0,64630,66.0,62502,60.0,12976,76.0,870826,102.0,2694,77.0,0,1,6,0,Sunday,0
2022-05-02,2732825,48.0,1176867,52.0,146394,46.0,126784,44.0,21695,74.0,883276,92.0,5425,31.0,0,0,0,0,Monday,0
2022-05-03,3402882,60.0,1500109,66.0,177868,56.0,155261,54.0,24680,84.0,929868,97.0,7400,43.0,0,0,1,0,Tuesday,0
2022-05-04,3364902,59.0,1465639,64.0,168539,53.0,147078,51.0,25462,87.0,921590,96.0,6747,39.0,0,0,2,0,Wednesday,0
2022-05-05,3502522,61.0,1523580,67.0,174640,55.0,150087,52.0,25903,88.0,982930,102.0,7061,41.0,0,0,3,0,Thursday,0
2022-05-06,3190556,56.0,1353750,60.0,154325,48.0,129417,45.0,23411,80.0,953902,99.0,5729,33.0,0,0,4,0,Friday,0
2022-05-07,1842808,57.0,706551,51.0,72948,62.0,68612,46.0,13033,75.0,841086,88.0,1523,31.0,0,1,5,0,Saturday,0
2022-05-08,1582133,66.0,630228,65.0,73703,76.0,73027,70.0,15375,90.0,891361,105.0,1449,41.0,0,1,6,0,Sunday,0
2022-05-09,3114506,54.0,1428758,63.0,163741,51.0,140940,49.0,22008,75.0,917036,95.0,6564,38.0,0,0,0,0,Monday,0
2022-05-10,3412902,60.0,1504314,66.0,175823,55.0,158627,55.0,24148,82.0,933451,97.0,7176,41.0,0,0,1,0,Tuesday,0
2022-05-11,3440378,60.0,1514922,67.0,178061,56.0,156792,55.0,25548,87.0,948266,99.0,7159,41.0,0,0,2,0,Wednesday,0
2022-05-12,3430104,60.0,1495220,66.0,169543,53.0,149204,52.0,25158,86.0,981139,102.0,6866,39.0,0,0,3,0,Thursday,0
2022-05-13,3252002,57.0,1410923,62.0,164843,52.0,140065,49.0,23539,80.0,998394,104.0,6050,35.0,0,0,4,0,Friday,0
2022-05-14,2149046,67.0,840921,60.0,89636,76.0,86652,58.0,13580,78.0,918398,96.0,69,1.0,0,1,5,0,Saturday,0
2022-05-15,1760359,74.0,692876,72.0,76052,78.0,69705,67.0,13379,79.0,908702,107.0,5,0.0,0,1,6,0,Sunday,0
2022-05-16,3080043,54.0,1396300,61.0,163431,51.0,140702,49.0,22187,75.0,898690,93.0,5996,34.0,0,0,0,0,Monday,0
2022-05-17,3536021,62.0,1519740,67.0,182683,57.0,162082,57.0,24353,83.0,951399,99.0,7259,42.0,0,0,1,0,Tuesday,0
2022-05-18,3605606,63.0,1511142,66.0,182181,57.0,161135,56.0,25365,86.0,982156,102.0,6816,39.0,0,0,2,0,Wednesday,0
2022-05-19,3467327,61.0,1426027,63.0,172517,54.0,149985,52.0,24271,83.0,983011,102.0,6790,39.0,0,0,3,0,Thursday,0
2022-05-20,3271914,57.0,1396732,61.0,175666,55.0,146403,51.0,23767,81.0,1011794,105.0,6040,35.0,0,0,4,0,Friday,0
2022-05-21,2324245,72.0,883795,63.0,94322,80.0,92552,61.0,14985,87.0,983575,103.0,2530,52.0,0,1,5,0,Saturday,0
2022-05-22,1760638,74.0,683500,71.0,78635,81.0,72063,69.0,13279,78.0,920057,108.0,1863,53.0,0,1,6,0,Sunday,0
2022-05-23,3111755,54.0,1431781,63.0,170546,53.0,151349,53.0,22696,77.0,943933,98.0,6356,37.0,0,0,0,0,Monday,0
2022-05-24,3378506,59.0,1488152,65.0,182570,57.0,163943,57.0,24560,84.0,942307,98.0,7023,40.0,0,0,1,0,Tuesday,0
2022-05-25,3426530,60.0,1493506,66.0,178124,56.0,158814,55.0,25418,86.0,959442,100.0,6862,39.0,0,0,2,0,Wednesday,0
2022-05-26,3341059,58.0,1464696,64.0,176469,55.0,148011,52.0,24866,85.0,1001574,104.0,6549,38.0,0,0,3,0,Thursday,0
2022-05-27,3031130,53.0,1353398,60.0,167840,53.0,135294,47.0,22894,78.0,975898,101.0,5737,33.0,0,0,4,0,Friday,0
2022-05-28,1872775,58.0,788135,56.0,91250,77.0,77192,51.0,12805,74.0,833464,87.0,2191,45.0,0,1,5,0,Saturday,0
2022-05-29,1755236,73.0,701173,73.0,84784,87.0,76982,74.0,14490,85.0,891666,105.0,2276,65.0,0,1,6,0,Sunday,0
2022-05-30,1694970,71.0,755616,78.0,80533,83.0,68206,66.0,10771,63.0,839398,98.0,2251,64.0,0,0,0,1,Monday,0
2022-05-31,3176109,56.0,1426470,63.0,184088,58.0,163018,57.0,23778,81.0,968335,101.0,6634,38.0,0,0,1,0,Tuesday,0
2022-06-01,3381297,60.0,1465383,68.0,178742,54.0,159050,54.0,25586,87.0,943747,96.0,7084,44.0,0,0,2,0,Wednesday,0
2022-06-02,3351902,60.0,1433303,67.0,170537,51.0,151492,51.0,24764,85.0,959324,98.0,6783,42.0,0,0,3,0,Thursday,0
2022-06-03,3283271,59.0,1431042,67.0,174500,52.0,153744,52.0,24838,85.0,1002106,102.0,6178,38.0,0,0,4,0,Friday,0
2022-06-04,2178024,68.0,904623,65.0,93431,76.0,92199,58.0,14409,83.0,957009,97.0,1844,36.0,0,1,5,0,Saturday,0
2022-06-05,1724983,66.0,691644,64.0,75675,77.0,74005,68.0,13955,77.0,865693,94.0,1361,35.0,0,1,6,0,Sunday,0
2022-06-06,3092181,55.0,1411725,66.0,167062,50.0,148152,50.0,22794,78.0,892799,91.0,6552,40.0,0,0,0,0,Monday,0
2022-06-07,3392224,60.0,1440940,67.0,185736,56.0,163756,55.0,25256,86.0,940766,96.0,7169,44.0,0,0,1,0,Tuesday,0
2022-06-08,3492805,62.0,1496144,70.0,181126,54.0,162417,55.0,26058,89.0,958676,97.0,7114,44.0,0,0,2,0,Wednesday,0
2022-06-09,3297157,59.0,1333103,62.0,179521,54.0,157460,53.0,25135,86.0,975009,99.0,6430,40.0,0,0,3,0,Thursday,0
2022-06-10,3376125,60.0,1435660,67.0,187819,56.0,159223,54.0,25437,87.0,1028117,105.0,6304,39.0,0,0,4,0,Friday,0
2022-06-11,2231451,69.0,870550,62.0,117891,96.0,95108,60.0,14776,85.0,961805,98.0,1835,36.0,0,1,5,0,Saturday,0
2022-06-12,1674607,64.0,626471,58.0,80792,82.0,74580,68.0,13440,74.0,883990,96.0,1209,31.0,0,1,6,0,Sunday,0
2022-06-13,3168681,56.0,1440429,67.0,174264,52.0,150375,51.0,23697,81.0,943626,96.0,6608,41.0,0,0,0,0,Monday,0
2022-06-14,3494822,62.0,1493761,69.0,191198,57.0,174340,59.0,25372,87.0,954427,97.0,7276,45.0,0,0,1,0,Tuesday,0
2022-06-15,3526802,63.0,1478668,69.0,192593,58.0,169462,57.0,26904,92.0,965644,98.0,7153,44.0,0,0,2,0,Wednesday,0
2022-06-16,3409624,61.0,1397317,65.0,190212,57.0,162513,55.0,25856,88.0,993952,101.0,6720,41.0,0,0,3,0,Thursday,0
2022-06-17,3247379,58.0,1397243,65.0,187179,56.0,148590,50.0,24338,83.0,1036376,105.0,6036,37.0,0,0,4,0,Friday,0
2022-06-18,2186635,68.0,884050,63.0,106091,86.0,94130,59.0,15136,87.0,987511,100.0,2613,52.0,0,1,5,0,Saturday,0
2022-06-19,1725762,66.0,693231,64.0,90581,92.0,80654,74.0,15622,86.0,946443,102.0,1903,49.0,0,1,6,1,Sunday,0
2022-06-20,2460659,94.0,1077190,99.0,167670,170.0,138080,127.0,15440,85.0,942148,102.0,4009,103.0,0,0,0,1,Monday,0
2022-06-21,3339793,60.0,1408052,66.0,190339,57.0,172400,58.0,25299,86.0,951906,97.0,7183,44.0,0,0,1,0,Tuesday,0
2022-06-22,3357113,60.0,1361456,63.0,178850,54.0,164196,56.0,25774,88.0,937068,95.0,6910,43.0,0,0,2,0,Wednesday,0
2022-06-23,3407485,61.0,1382605,64.0,188546,57.0,169144,57.0,25286,86.0,1004103,102.0,6716,41.0,0,0,3,0,Thursday,0
2022-06-24,3296412,59.0,1331442,62.0,187818,56.0,161647,55.0,24414,83.0,1035312,105.0,6066,37.0,0,0,4,0,Friday,0
2022-06-25,2286963,71.0,888953,63.0,106000,86.0,102466,65.0,15274,88.0,994834,101.0,50,1.0,0,1,5,0,Saturday,0
2022-06-26,2011977,77.0,696910,64.0,102452,104.0,99103,91.0,14574,81.0,962670,104.0,618,16.0,0,1,6,0,Sunday,0
2022-06-27,2932598,52.0,1279403,60.0,171627,52.0,149284,50.0,22331,76.0,928436,94.0,6260,39.0,0,0,0,0,Monday,0
2022-06-28,3248338,58.0,1328144,62.0,199956,60.0,174878,59.0,24179,83.0,960666,98.0,6903,43.0,0,0,1,0,Tuesday,0
2022-06-29,3249261,58.0,1325530,62.0,191855,58.0,169146,57.0,25392,87.0,977984,99.0,6792,42.0,0,0,2,0,Wednesday,0
2022-06-30,3151572,56.0,1300241,60.0,191868,58.0,158265,54.0,24651,84.0,1011864,103.0,6407,40.0,0,0,3,0,Thursday,0
2022-07-01,2827549,54.0,1221837,59.0,151245,48.0,117791,42.0,23983,85.0,998259,104.0,5291,38.0,0,0,4,0,Friday,0
2022-07-02,1847093,65.0,827668,61.0,84481,66.0,75179,49.0,12878,81.0,823425,89.0,2042,40.0,0,1,5,0,Saturday,0
2022-07-03,1654774,71.0,703282,64.0,86602,83.0,73949,70.0,14822,90.0,845877,96.0,1909,53.0,0,1,6,0,Sunday,0
2022-07-04,1608084,69.0,689986,63.0,85709,82.0,72464,68.0,10976,66.0,772949,87.0,2148,60.0,0,0,0,1,Monday,0
2022-07-05,2802814,53.0,1246208,60.0,169990,54.0,150170,53.0,22800,80.0,925869,96.0,5935,43.0,0,0,1,0,Tuesday,0
2022-07-06,3066462,58.0,1330990,64.0,173648,55.0,153543,54.0,25372,89.0,917894,95.0,6448,47.0,0,0,2,0,Wednesday,0
2022-07-07,3115604,59.0,1333373,64.0,173393,55.0,151105,53.0,25119,89.0,946553,98.0,6463,47.0,0,0,3,0,Thursday,0
2022-07-08,2902322,55.0,1249434,60.0,163715,52.0,134620,48.0,24108,85.0,949529,99.0,5625,41.0,0,0,4,0,Friday,0
2022-07-09,2061419,73.0,885289,66.0,92765,73.0,89757,58.0,14546,92.0,917802,99.0,2563,50.0,0,1,5,0,Saturday,0
2022-07-10,1681041,72.0,707984,65.0,82276,79.0,71195,67.0,14147,86.0,921110,104.0,2016,56.0,0,1,6,0,Sunday,0
2022-07-11,2876587,54.0,1312895,63.0,167475,53.0,148113,52.0,23255,82.0,913992,95.0,6163,45.0,0,0,0,0,Monday,0
2022-07-12,3148320,60.0,1350346,65.0,180172,57.0,164494,58.0,24697,87.0,913137,95.0,6780,49.0,0,0,1,0,Tuesday,0
2022-07-13,3229387,61.0,1365172,66.0,178413,56.0,166187,59.0,25800,91.0,944299,98.0,6536,47.0,0,0,2,0,Wednesday,0
2022-07-14,3203104,61.0,1355975,65.0,174794,55.0,159599,56.0,25312,89.0,977841,102.0,6413,47.0,0,0,3,0,Thursday,0
2022-07-15,3021651,57.0,1291217,62.0,171615,54.0,148858,53.0,24177,85.0,994183,103.0,5527,40.0,0,0,4,0,Friday,0
2022-07-16,2093206,74.0,859537,64.0,101758,80.0,98156,64.0,15226,96.0,939649,102.0,64,1.0,0,1,5,0,Saturday,0
2022-07-17,1674922,72.0,701796,64.0,82028,78.0,80166,76.0,13868,84.0,900361,102.0,7,0.0,0,1,6,0,Sunday,0
2022-07-18,2720012,52.0,1209240,58.0,162178,51.0,132779,47.0,22670,80.0,877737,91.0,5543,40.0,0,0,0,0,Monday,0
2022-07-19,3169016,60.0,1372407,66.0,180693,57.0,160294,57.0,24933,88.0,932398,97.0,6593,48.0,0,0,1,0,Tuesday,0
2022-07-20,3190942,60.0,1357383,66.0,180707,57.0,156988,55.0,25590,90.0,945289,98.0,6167,45.0,0,0,2,0,Wednesday,0
2022-07-21,3109097,59.0,1302978,63.0,173070,55.0,150414,53.0,24308,86.0,954280,99.0,6166,45.0,0,0,3,0,Thursday,0
2022-07-22,2942752,56.0,1267907,61.0,174861,55.0,138068,49.0,23926,84.0,993037,103.0,5322,39.0,0,0,4,0,Friday,0
2022-07-23,2028696,72.0,862976,64.0,99341,78.0,86245,56.0,14503,91.0,945847,102.0,32,1.0,0,1,5,0,Saturday,0
2022-07-24,1596195,68.0,674189,61.0,82656,79.0,68265,64.0,12751,77.0,908767,103.0,6,0.0,0,1,6,0,Sunday,0
2022-07-25,2727722,52.0,1220826,59.0,163454,52.0,140432,50.0,22355,79.0,893016,93.0,5692,41.0,0,0,0,0,Monday,0
2022-07-26,3175001,60.0,1360570,66.0,186182,59.0,162994,58.0,24990,88.0,942025,98.0,6479,47.0,0,0,1,0,Tuesday,0
2022-07-27,3232796,61.0,1369023,66.0,185332,59.0,161241,57.0,25759,91.0,957557,100.0,6667,48.0,0,0,2,0,Wednesday,0
2022-07-28,3151913,60.0,1332113,64.0,173264,55.0,156936,55.0,24413,86.0,974290,101.0,6421,47.0,0,0,3,0,Thursday,0
2022-07-29,2932846,56.0,1260714,61.0,166723,53.0,147568,52.0,23697,84.0,979719,102.0,5532,40.0,0,0,4,0,Friday,0
2022-07-30,2074421,73.0,893846,66.0,89426,70.0,96840,63.0,15068,95.0,954809,103.0,56,1.0,0,1,5,0,Saturday,0
2022-07-31,1649097,71.0,693700,63.0,77991,74.0,78953,74.0,14046,85.0,929822,105.0,3,0.0,0,1,6,0,Sunday,0
2022-08-01,2739262,53.0,1240007,61.0,151752,49.0,138431,51.0,22892,82.0,904119,93.0,5673,42.0,0,0,0,0,Monday,0
2022-08-02,3070101,60.0,1346324,67.0,173023,55.0,158236,58.0,24865,89.0,919127,95.0,6452,48.0,0,0,1,0,Tuesday,0
2022-08-03,3124038,61.0,1367848,68.0,173751,56.0,158305,58.0,26785,96.0,947338,97.0,6170,46.0,0,0,2,0,Wednesday,0
2022-08-04,3049076,59.0,1323229,66.0,174491,56.0,147770,54.0,25326,91.0,976459,100.0,5409,40.0,0,0,3,0,Thursday,0
2022-08-05,2822155,55.0,1260961,62.0,161323,52.0,129376,47.0,23824,85.0,976443,100.0,4754,36.0,0,0,4,0,Friday,0
2022-08-06,1999580,68.0,865676,63.0,95704,72.0,84495,56.0,14893,90.0,944842,99.0,33,1.0,0,1,5,0,Saturday,0
2022-08-07,1542311,65.0,670866,61.0,78449,75.0,66242,64.0,14367,80.0,882525,96.0,153,4.0,0,1,6,0,Sunday,0
2022-08-08,2705428,53.0,1276524,63.0,165363,53.0,137457,50.0,22965,82.0,926426,95.0,5496,41.0,0,0,0,0,Monday,0
2022-08-09,3013784,59.0,1308034,65.0,173284,55.0,151624,56.0,25056,90.0,922400,95.0,5935,44.0,0,0,1,0,Tuesday,0
2022-08-10,3134434,61.0,1347916,67.0,178656,57.0,147931,54.0,26098,93.0,948711,98.0,6117,46.0,0,0,2,0,Wednesday,0
2022-08-11,3093548,60.0,1315101,65.0,171390,55.0,146019,54.0,25553,91.0,966856,99.0,5842,44.0,0,0,3,0,Thursday,0
2022-08-12,2963913,58.0,1273620,63.0,175220,56.0,137578,50.0,24849,89.0,996504,103.0,5422,41.0,0,0,4,0,Friday,0
2022-08-13,2089217,71.0,878499,64.0,103227,77.0,89569,59.0,15889,96.0,953867,100.0,1632,35.0,0,1,5,0,Saturday,0
2022-08-14,1677803,70.0,692644,63.0,88242,85.0,72900,70.0,14492,81.0,931953,101.0,1339,37.0,0,1,6,0,Sunday,0
2022-08-15,2768347,54.0,1234308,61.0,161519,52.0,144170,53.0,23199,83.0,921408,95.0,5395,40.0,0,0,0,0,Monday,0
2022-08-16,3045892,59.0,1288800,64.0,173651,56.0,157888,58.0,24994,89.0,919835,95.0,6228,47.0,0,0,1,0,Tuesday,0
2022-08-17,3074027,60.0,1284966,64.0,172248,55.0,155815,57.0,25904,93.0,935484,96.0,6080,45.0,0,0,2,0,Wednesday,0
2022-08-18,3077928,60.0,1283965,64.0,181136,58.0,150643,55.0,25701,92.0,982598,101.0,5834,44.0,0,0,3,0,Thursday,0
2022-08-19,2918737,57.0,1239929,61.0,164682,53.0,141791,52.0,24141,86.0,995590,102.0,5132,38.0,0,0,4,0,Friday,0
2022-08-20,2038622,69.0,875371,64.0,96552,72.0,97718,64.0,15903,96.0,952947,99.0,1699,36.0,0,1,5,0,Saturday,0
2022-08-21,1619422,68.0,692309,63.0,84669,81.0,81666,79.0,14617,81.0,918196,100.0,1272,35.0,0,1,6,0,Sunday,0
2022-08-22,2622885,51.0,1144254,57.0,160918,51.0,141482,52.0,21887,78.0,884589,91.0,5185,39.0,0,0,0,0,Monday,0
2022-08-23,2992615,58.0,1261782,63.0,173898,56.0,155953,57.0,24448,88.0,921483,95.0,5903,44.0,0,0,1,0,Tuesday,0
2022-08-24,3020710,59.0,1288092,64.0,177790,57.0,151169,55.0,25654,92.0,946975,97.0,6036,45.0,0,0,2,0,Wednesday,0
2022-08-25,3090901,60.0,1310134,65.0,177178,57.0,142659,52.0,24964,89.0,981024,101.0,6122,46.0,0,0,3,0,Thursday,0
2022-08-26,2863653,56.0,1217448,60.0,171765,55.0,133306,49.0,23417,84.0,967932,100.0,4969,37.0,0,0,4,0,Friday,0
2022-08-27,2066542,70.0,874084,64.0,103192,77.0,90006,59.0,15575,94.0,977708,102.0,2214,47.0,0,1,5,0,Saturday,0
2022-08-28,1651689,69.0,681823,62.0,86867,83.0,76296,73.0,14506,81.0,940460,102.0,1816,51.0,0,1,6,0,Sunday,0
2022-08-29,2836374,55.0,1263000,63.0,180588,58.0,140540,52.0,22503,81.0,927114,95.0,5705,43.0,0,0,0,0,Monday,0
2022-08-30,3091873,60.0,1326293,66.0,195986,63.0,152025,56.0,24300,87.0,934163,96.0,6228,47.0,0,0,1,0,Tuesday,0
2022-08-31,3144027,61.0,1342568,67.0,197154,63.0,149499,55.0,25541,91.0,972327,100.0,6261,47.0,0,0,2,0,Wednesday,0
2022-09-01,3114667,54.0,1338287,58.0,186311,57.0,140082,49.0,25382,85.0,997846,105.0,6189,36.0,0,0,3,0,Thursday,0
2022-09-02,2925306,51.0,1250956,54.0,185153,57.0,138009,48.0,24696,83.0,1006354,106.0,5307,31.0,0,0,4,0,Friday,0
2022-09-03,2116811,66.0,867750,62.0,116405,98.0,94997,62.0,15863,93.0,924383,97.0,2455,59.0,0,1,5,0,Saturday,0
2022-09-04,1802349,71.0,701646,64.0,97728,98.0,77386,74.0,15428,90.0,901892,102.0,1894,65.0,0,1,6,0,Sunday,0
2022-09-05,1691887,66.0,682671,62.0,93198,94.0,74585,71.0,9722,57.0,801463,91.0,1977,68.0,0,0,0,1,Monday,0
2022-09-06,3063503,53.0,1231759,53.0,190260,58.0,164255,57.0,24963,84.0,892569,94.0,6016,35.0,0,0,1,0,Tuesday,0
2022-09-07,3444556,60.0,1412342,61.0,203983,62.0,179628,62.0,26773,90.0,939358,99.0,6698,39.0,0,0,2,0,Wednesday,0
2022-09-08,3644407,63.0,1517502,65.0,199489,61.0,178788,62.0,27121,91.0,966189,101.0,7185,42.0,0,0,3,0,Thursday,0
2022-09-09,3481756,60.0,1492297,64.0,189930,58.0,161197,56.0,25627,86.0,1009058,106.0,6432,38.0,0,0,4,0,Friday,0
2022-09-10,2356865,73.0,914744,65.0,103789,88.0,98043,64.0,15345,90.0,982329,103.0,1948,47.0,0,1,5,0,Saturday,0
2022-09-11,1737251,68.0,659929,60.0,82638,83.0,72789,69.0,14467,84.0,862493,97.0,1275,44.0,0,1,6,0,Sunday,0
2022-09-12,3382150,59.0,1519324,65.0,187548,57.0,163430,57.0,24947,84.0,925590,97.0,6863,40.0,0,0,0,0,Monday,0
2022-09-13,3618354,63.0,1557686,67.0,200171,61.0,180183,62.0,26317,89.0,921108,97.0,7552,44.0,0,0,1,0,Tuesday,0
2022-09-14,3741978,65.0,1590666,68.0,202713,62.0,181619,63.0,28124,95.0,954907,100.0,7740,45.0,0,0,2,0,Wednesday,0
2022-09-15,3747731,65.0,1573907,68.0,197284,60.0,175672,61.0,27391,92.0,981703,103.0,7725,45.0,0,0,3,0,Thursday,0
2022-09-16,3502358,61.0,1501956,65.0,184424,56.0,155750,54.0,26025,88.0,1015255,107.0,6797,40.0,0,0,4,0,Friday,0
2022-09-17,2350888,73.0,916215,65.0,99403,84.0,101734,67.0,15828,92.0,971118,102.0,2693,65.0,0,1,5,0,Saturday,0
2022-09-18,1844317,72.0,712161,65.0,86329,87.0,79158,75.0,15588,91.0,935291,106.0,1944,66.0,0,1,6,0,Sunday,0
2022-09-19,3369999,58.0,1490926,64.0,187831,57.0,164392,57.0,24491,82.0,909943,96.0,7155,42.0,0,0,0,0,Monday,0
2022-09-20,3767024,65.0,1554448,67.0,203873,62.0,188771,65.0,26148,88.0,930442,98.0,7962,47.0,0,0,1,0,Tuesday,0
2022-09-21,3878782,67.0,1543632,66.0,204572,62.0,188361,65.0,27479,93.0,946181,99.0,8112,47.0,0,0,2,0,Wednesday,0
2022-09-22,3732919,65.0,1433737,62.0,190703,58.0,174952,61.0,26136,88.0,938754,99.0,7883,46.0,0,0,3,0,Thursday,0
2022-09-23,3626482,63.0,1413234,61.0,190670,58.0,168866,59.0,25738,87.0,981726,103.0,6902,40.0,0,0,4,0,Friday,0
2022-09-24,2377091,74.0,860948,61.0,98192,83.0,115822,76.0,15593,91.0,944900,99.0,1975,48.0,0,1,5,0,Saturday,0
2022-09-25,1759832,69.0,660871,60.0,81212,82.0,87366,83.0,14770,86.0,861534,97.0,1582,54.0,0,1,6,0,Sunday,0
2022-09-26,2812853,49.0,1206954,52.0,177235,54.0,153930,53.0,21532,73.0,868980,91.0,5848,34.0,0,0,0,0,Monday,0
2022-09-27,3204114,56.0,1290217,56.0,192275,59.0,176941,61.0,24344,82.0,886658,93.0,6744,39.0,0,0,1,0,Tuesday,0
2022-09-28,3712354,64.0,1541900,66.0,201525,62.0,179234,62.0,27423,92.0,930967,98.0,7903,46.0,0,0,2,0,Wednesday,0
2022-09-29,3707751,64.0,1503472,65.0,194288,59.0,173138,60.0,26857,90.0,960265,101.0,7738,45.0,0,0,3,0,Thursday,0
2022-09-30,3503239,61.0,1477082,64.0,181549,55.0,164028,57.0,26614,90.0,997765,105.0,6623,39.0,0,0,4,0,Friday,0
2022-10-01,2032983,61.0,758826,55.0,72081,64.0,80394,53.0,13718,78.0,820869,87.0,1855,41.0,0,1,5,0,Saturday,0
2022-10-02,1621851,66.0,591909,59.0,61918,68.0,68450,65.0,13897,76.0,793492,94.0,1302,34.0,0,1,6,0,Sunday,0
2022-10-03,3370048,59.0,1426633,63.0,173268,55.0,153913,53.0,25390,85.0,880633,95.0,6824,38.0,0,0,0,0,Monday,0
2022-10-04,3397689,59.0,1354099,60.0,181887,58.0,166868,57.0,25282,85.0,833631,90.0,6825,38.0,0,0,1,0,Tuesday,0
2022-10-05,3077346,54.0,1206674,54.0,176091,56.0,158117,54.0,24305,82.0,816200,88.0,6012,34.0,0,0,2,0,Wednesday,0
2022-10-06,3848909,67.0,1554806,69.0,203783,65.0,182247,63.0,28527,96.0,981805,106.0,7907,44.0,0,0,3,0,Thursday,0
2022-10-07,3591080,62.0,1480214,66.0,204261,65.0,166955,57.0,26725,90.0,1018633,110.0,6865,38.0,0,0,4,0,Friday,0
2022-10-08,2397249,72.0,888506,64.0,114687,101.0,110122,72.0,15448,87.0,965140,102.0,1975,43.0,0,1,5,0,Saturday,0
2022-10-09,1917721,78.0,691656,69.0,97984,108.0,88783,84.0,14776,80.0,911141,108.0,2200,58.0,0,1,6,0,Sunday,0
2022-10-10,2556722,44.0,1034288,46.0,163310,52.0,152488,52.0,17806,60.0,845129,91.0,4220,24.0,0,0,0,1,Monday,0
2022-10-11,3649405,63.0,1521587,68.0,203885,65.0,192887,66.0,26435,89.0,899509,97.0,7841,44.0,0,0,1,0,Tuesday,0
2022-10-12,3776129,66.0,1554226,69.0,203866,65.0,185488,64.0,28193,95.0,945786,102.0,7820,44.0,0,0,2,0,Wednesday,0
2022-10-13,3682799,64.0,1463795,65.0,195360,62.0,173174,60.0,26422,89.0,935038,101.0,7593,43.0,0,0,3,0,Thursday,0
2022-10-14,3578772,62.0,1468602,65.0,186594,59.0,170188,59.0,26877,90.0,1000719,108.0,6877,39.0,0,0,4,0,Friday,0
2022-10-15,2363501,71.0,914771,66.0,100804,89.0,108230,71.0,15945,90.0,964859,102.0,1897,42.0,0,1,5,0,Saturday,0
2022-10-16,1773903,72.0,705073,70.0,80395,88.0,85438,81.0,15338,84.0,898969,106.0,1385,37.0,0,1,6,0,Sunday,0
2022-10-17,3314497,58.0,1430672,63.0,182855,58.0,170716,59.0,24045,81.0,860596,93.0,6952,39.0,0,0,0,0,Monday,0
2022-10-18,3693627,64.0,1510826,67.0,199026,63.0,191540,66.0,26135,88.0,894481,96.0,7917,44.0,0,0,1,0,Tuesday,0
2022-10-19,3814404,66.0,1545140,69.0,202921,65.0,185202,64.0,28002,94.0,916246,99.0,7934,44.0,0,0,2,0,Wednesday,0
2022-10-20,3810901,66.0,1532692,68.0,201886,64.0,180234,62.0,27649,93.0,970479,105.0,7784,44.0,0,0,3,0,Thursday,0
2022-10-21,3570334,62.0,1452280,64.0,185797,59.0,166539,57.0,26385,89.0,997993,108.0,6848,38.0,0,0,4,0,Friday,0
2022-10-22,2430406,73.0,916539,66.0,97921,86.0,122863,81.0,15832,90.0,970862,103.0,90,2.0,0,1,5,0,Saturday,0
2022-10-23,1740520,71.0,668183,67.0,76024,83.0,83665,80.0,14434,79.0,872119,103.0,19,1.0,0,1,6,0,Sunday,0
2022-10-24,3357840,58.0,1432728,64.0,182390,58.0,161772,56.0,24643,83.0,887372,96.0,6929,39.0,0,0,0,0,Monday,0
2022-10-25,3712582,65.0,1512725,67.0,200671,64.0,183507,63.0,27080,91.0,903935,97.0,7864,44.0,0,0,1,0,Tuesday,0
2022-10-26,3794534,66.0,1539557,68.0,201843,64.0,181254,62.0,27891,94.0,932571,100.0,7978,45.0,0,0,2,0,Wednesday,0
2022-10-27,3892985,68.0,1543031,68.0,196789,63.0,179032,62.0,28035,94.0,971657,105.0,7848,44.0,0,0,3,0,Thursday,0
2022-10-28,3624748,63.0,1455834,65.0,179633,57.0,159109,55.0,26237,88.0,992291,107.0,6647,37.0,0,0,4,0,Friday,0
2022-10-29,2440601,73.0,912721,66.0,86888,77.0,102975,68.0,15778,89.0,949043,100.0,42,1.0,0,1,5,0,Saturday,0
2022-10-30,1875953,76.0,711004,71.0,69358,76.0,80576,77.0,15324,83.0,903170,107.0,5,0.0,0,1,6,0,Sunday,0
2022-10-31,3410892,59.0,1394453,62.0,177547,56.0,157055,54.0,24178,81.0,862337,93.0,6759,38.0,0,0,0,0,Monday,0
2022-11-01,3706707,66.0,1501329,69.0,196102,60.0,178425,62.0,26993,86.0,911552,97.0,7756,46.0,0,0,1,0,Tuesday,0
2022-11-02,3788123,67.0,1549724,71.0,198277,60.0,181158,63.0,28493,91.0,918835,97.0,7788,46.0,0,0,2,0,Wednesday,0
2022-11-03,3802455,67.0,1521975,70.0,197940,60.0,178498,62.0,28364,91.0,941513,100.0,7676,45.0,0,0,3,0,Thursday,0
2022-11-04,3586358,64.0,1459619,67.0,180084,55.0,161378,56.0,27340,88.0,975347,103.0,6813,40.0,0,0,4,0,Friday,0
2022-11-05,2449943,78.0,918127,70.0,96845,84.0,110793,73.0,16790,99.0,940206,103.0,2628,76.0,0,1,5,0,Saturday,0
2022-11-06,2116063,84.0,648085,65.0,92648,98.0,94517,91.0,13926,74.0,779295,95.0,3122,102.0,0,1,6,0,Sunday,0
2022-11-07,3456868,61.0,1478731,68.0,190295,58.0,168401,59.0,26193,84.0,901997,96.0,7365,43.0,0,0,0,0,Monday,0
2022-11-08,3431700,61.0,1356894,62.0,201028,61.0,183142,64.0,25939,83.0,888462,94.0,6463,38.0,0,0,1,0,Tuesday,0
2022-11-09,3772030,67.0,1517250,69.0,199030,61.0,180581,63.0,28589,92.0,921392,98.0,7722,45.0,0,0,2,0,Wednesday,0
2022-11-10,3802230,67.0,1516812,69.0,203722,62.0,180584,63.0,28385,91.0,976695,104.0,7749,46.0,0,0,3,0,Thursday,0
2022-11-11,2994708,119.0,1077574,108.0,172756,183.0,154511,148.0,20634,110.0,870209,106.0,4558,149.0,0,0,4,1,Friday,0
2022-11-12,2431419,77.0,893837,68.0,94911,82.0,106101,70.0,15153,89.0,889070,98.0,2262,65.0,0,1,5,0,Saturday,0
2022-11-13,1794024,71.0,662034,66.0,76869,81.0,76460,73.0,15544,83.0,859975,104.0,1658,54.0,0,1,6,0,Sunday,0
2022-11-14,3401075,60.0,1441705,66.0,181582,55.0,165573,58.0,25728,82.0,889804,94.0,7135,42.0,0,0,0,0,Monday,0
2022-11-15,3713627,66.0,1483782,68.0,196179,60.0,182790,64.0,28155,90.0,903257,96.0,7776,46.0,0,0,1,0,Tuesday,0
2022-11-16,3751773,67.0,1484607,68.0,194893,59.0,179233,63.0,28574,92.0,912685,97.0,7589,45.0,0,0,2,0,Wednesday,0
2022-11-17,3797815,67.0,1493119,68.0,193797,59.0,178147,62.0,28778,92.0,962670,102.0,7633,45.0,0,0,3,0,Thursday,0
2022-11-18,3539202,63.0,1412974,65.0,183576,56.0,161777,57.0,27236,87.0,981421,104.0,6546,38.0,0,0,4,0,Friday,0
2022-11-19,2323449,74.0,864766,66.0,97654,85.0,101076,67.0,16076,95.0,929687,102.0,1630,47.0,0,1,5,0,Saturday,0
2022-11-20,1721187,68.0,645986,65.0,74524,79.0,74870,72.0,15556,83.0,830876,101.0,1079,35.0,0,1,6,0,Sunday,0
2022-11-21,3363626,60.0,1393031,64.0,185570,57.0,166517,58.0,25766,83.0,896487,95.0,7017,41.0,0,0,0,0,Monday,0
2022-11-22,3548882,63.0,1447618,66.0,200264,61.0,183771,64.0,27957,90.0,982740,104.0,7462,44.0,0,0,1,0,Tuesday,0
2022-11-23,3263998,58.0,1358016,62.0,210438,64.0,184135,64.0,25032,80.0,983719,104.0,6862,40.0,0,0,2,0,Wednesday,0
2022-11-24,1382266,55.0,515903,52.0,90771,96.0,90057,87.0,18369,98.0,859064,104.0,2006,65.0,0,0,3,1,Thursday,0
2022-11-25,2058658,82.0,842892,85.0,163354,173.0,148368,143.0,12834,68.0,766290,93.0,3361,110.0,0,0,4,0,Friday,0
2022-11-26,1999608,63.0,781665,59.0,105304,91.0,106685,71.0,12576,74.0,852829,94.0,2286,66.0,0,1,5,0,Saturday,0
2022-11-27,1476228,59.0,562073,56.0,79973,85.0,76680,74.0,13063,69.0,814703,99.0,1408,46.0,0,1,6,0,Sunday,0
2022-11-28,3265971,58.0,1397963,64.0,186710,57.0,163694,57.0,24969,80.0,904337,96.0,7120,42.0,0,0,0,0,Monday,0
2022-11-29,3596894,64.0,1455294,66.0,192494,59.0,181370,63.0,27009,87.0,891057,94.0,7510,44.0,0,0,1,0,Tuesday,0
2022-11-30,3568413,63.0,1356729,62.0,189152,58.0,177367,62.0,26469,85.0,857882,91.0,7204,42.0,0,0,2,0,Wednesday,0
2022-12-01,3770495,71.0,1459934,73.0,181825,58.0,166856,60.0,27018,93.0,931376,105.0,7538,48.0,0,0,3,0,Thursday,0
2022-12-02,3600504,67.0,1395642,70.0,172860,55.0,152746,55.0,27007,93.0,933219,105.0,6576,42.0,0,0,4,0,Friday,0
2022-12-03,2291687,69.0,760109,60.0,87730,68.0,89976,57.0,15540,90.0,815868,92.0,1467,30.0,0,1,5,0,Saturday,0
2022-12-04,1990479,78.0,681713,70.0,81381,76.0,80173,75.0,15763,88.0,804122,101.0,1266,37.0,0,1,6,0,Sunday,0
2022-12-05,3481640,65.0,1429308,71.0,183238,58.0,164873,59.0,26409,91.0,873767,99.0,7013,45.0,0,0,0,0,Monday,0
2022-12-06,3753299,70.0,1414979,71.0,195892,62.0,178862,64.0,27305,94.0,878388,99.0,7447,48.0,0,0,1,0,Tuesday,0
2022-12-07,3835333,72.0,1442871,72.0,194436,62.0,178345,64.0,27941,96.0,899007,101.0,7526,48.0,0,0,2,0,Wednesday,0
2022-12-08,3931499,74.0,1480877,74.0,192958,61.0,182314,65.0,28292,97.0,948091,107.0,7541,48.0,0,0,3,0,Thursday,0
2022-12-09,3710928,69.0,1386473,69.0,185104,59.0,165147,59.0,26213,90.0,964167,109.0,6379,41.0,0,0,4,0,Friday,0
2022-12-10,2663493,80.0,869320,69.0,112142,88.0,119858,76.0,16232,94.0,900034,102.0,1873,38.0,0,1,5,0,Saturday,0
2022-12-11,1865579,73.0,618870,63.0,77607,73.0,74273,69.0,14949,84.0,777867,98.0,1103,32.0,0,1,6,0,Sunday,0
2022-12-12,3466978,65.0,1384864,69.0,182973,58.0,163516,59.0,25771,88.0,876300,99.0,6838,44.0,0,0,0,0,Monday,0
2022-12-13,3763568,70.0,1437228,72.0,197613,63.0,183214,66.0,28234,97.0,908198,103.0,7570,49.0,0,0,1,0,Tuesday,0
2022-12-14,3777173,71.0,1435020,72.0,196921,62.0,183484,66.0,29081,100.0,940858,106.0,7400,47.0,0,0,2,0,Wednesday,0
2022-12-15,3726154,70.0,1363160,68.0,191261,61.0,173709,62.0,27034,93.0,931870,105.0,7001,45.0,0,0,3,0,Thursday,0
2022-12-16,3270016,61.0,1221634,61.0,170615,54.0,151244,54.0,24074,83.0,917332,104.0,5823,37.0,0,0,4,0,Friday,0
2022-12-17,2577771,78.0,884283,70.0,114272,89.0,123286,78.0,16788,97.0,933667,106.0,2071,42.0,0,1,5,0,Saturday,0
2022-12-18,1967199,77.0,668994,68.0,87146,82.0,87425,81.0,16036,90.0,842911,106.0,1487,44.0,0,1,6,0,Sunday,0
2022-12-19,3381411,63.0,1352455,68.0,178278,56.0,159383,57.0,25529,88.0,886717,100.0,6591,42.0,0,0,0,0,Monday,0
2022-12-20,3586084,67.0,1398728,70.0,191991,61.0,173346,62.0,27148,93.0,923333,104.0,7046,45.0,0,0,1,0,Tuesday,0
2022-12-21,3563236,67.0,1393290,70.0,191684,61.0,168379,60.0,28480,98.0,953676,108.0,6993,45.0,0,0,2,0,Wednesday,0
2022-12-22,3187083,60.0,1269330,63.0,177675,56.0,147366,53.0,25244,87.0,936662,106.0,5728,37.0,0,0,3,0,Thursday,0
2022-12-23,2738016,51.0,1057686,53.0,163716,52.0,138857,50.0,20359,70.0,812831,92.0,4523,29.0,0,0,4,0,Friday,0
2022-12-24,1411469,43.0,497129,39.0,61701,48.0,60373,38.0,12759,74.0,746316,84.0,1304,26.0,0,1,5,0,Saturday,0
2022-12-25,1008452,40.0,321245,33.0,51896,49.0,47454,44.0,13709,77.0,730783,92.0,1005,30.0,0,1,6,1,Sunday,0
2022-12-26,1812842,71.0,644828,66.0,87401,82.0,89137,83.0,9327,52.0,764686,96.0,2214,65.0,0,0,0,1,Monday,0
2022-12-27,2729514,51.0,1027687,51.0,178880,57.0,156503,56.0,21363,73.0,881989,100.0,5228,34.0,0,0,1,0,Tuesday,0
2022-12-28,2947028,55.0,1088279,54.0,182226,58.0,163499,59.0,23571,81.0,891790,101.0,5407,35.0,0,0,2,0,Wednesday,0
2022-12-29,3039432,57.0,1099513,55.0,189075,60.0,167129,60.0,23200,80.0,916565,103.0,5597,36.0,0,0,3,0,Thursday,0
2022-12-30,3063480,57.0,1087122,54.0,193989,61.0,176215,63.0,22951,79.0,926881,105.0,5338,34.0,0,0,4,0,Friday,0
2022-12-31,1927101,58.0,651474,51.0,81590,64.0,81198,52.0,14090,82.0,686434,78.0,1847,37.0,0,1,5,0,Saturday,0
2023-01-01,1675507,80.0,475226,52.0,67722,82.0,66309,73.0,11476,85.0,737533,108.0,1771,65.0,0,1,6,1,Sunday,0
2023-01-02,1938154,93.0,739507,81.0,76247,92.0,72403,80.0,10136,75.0,692984,102.0,2671,98.0,0,0,0,1,Monday,0
2023-01-03,3175777,62.0,1268913,62.0,179109,59.0,167136,62.0,24868,88.0,815532,94.0,6853,42.0,0,0,1,0,Tuesday,0
2023-01-04,3413052,66.0,1391449,68.0,182834,61.0,170847,63.0,26848,95.0,839120,97.0,7282,44.0,0,0,2,0,Wednesday,0
2023-01-05,3428520,67.0,1378698,67.0,175278,58.0,166642,62.0,26808,95.0,859218,99.0,7042,43.0,0,0,3,0,Thursday,0
2023-01-06,3229858,63.0,1319595,64.0,161259,53.0,142524,53.0,25824,91.0,873654,101.0,6050,37.0,0,0,4,0,Friday,0
2023-01-07,2116138,78.0,806981,67.0,87215,90.0,85244,66.0,14828,102.0,808570,106.0,2297,56.0,0,1,5,0,Saturday,0
2023-01-08,1610764,77.0,628612,68.0,68647,83.0,64893,72.0,15157,112.0,739656,108.0,1529,56.0,0,1,6,0,Sunday,0
2023-01-09,3145743,61.0,1353638,66.0,173594,57.0,157335,58.0,24923,88.0,829372,95.0,6629,40.0,0,0,0,0,Monday,0
2023-01-10,3469177,67.0,1412543,69.0,196817,65.0,179530,67.0,27309,97.0,859974,99.0,7414,45.0,0,0,1,0,Tuesday,0
2023-01-11,3508962,68.0,1421914,69.0,188904,63.0,174349,65.0,27991,99.0,864282,99.0,7166,44.0,0,0,2,0,Wednesday,0
2023-01-12,3472709,68.0,1364715,67.0,188850,62.0,168701,63.0,27119,96.0,881579,101.0,7150,44.0,0,0,3,0,Thursday,0
2023-01-13,3270020,64.0,1345748,66.0,167475,55.0,147885,55.0,26085,92.0,922864,106.0,6042,37.0,0,0,4,0,Friday,0
2023-01-14,2072387,77.0,785952,66.0,84718,87.0,83565,64.0,15407,106.0,817979,107.0,2059,50.0,0,1,5,0,Saturday,0
2023-01-15,1705804,82.0,621041,68.0,72479,88.0,70493,78.0,15198,113.0,757778,111.0,1510,55.0,0,1,6,0,Sunday,0
2023-01-16,2172218,104.0,884152,96.0,82416,100.0,75892,84.0,14617,108.0,812347,119.0,3140,115.0,0,0,0,1,Monday,0
2023-01-17,3451604,67.0,1399573,68.0,193345,64.0,183674,68.0,27214,96.0,870650,100.0,7492,46.0,0,0,1,0,Tuesday,0
2023-01-18,3603344,70.0,1449590,71.0,198264,66.0,182209,68.0,29223,103.0,877542,101.0,7488,46.0,0,0,2,0,Wednesday,0
2023-01-19,3492226,68.0,1327804,65.0,179752,59.0,170122,63.0,26737,95.0,862336,99.0,6925,42.0,0,0,3,0,Thursday,0
2023-01-20,3375887,66.0,1383181,68.0,173943,58.0,150003,56.0,26548,94.0,915022,105.0,6192,38.0,0,0,4,0,Friday,0
2023-01-21,2137169,79.0,823236,69.0,88435,91.0,84763,65.0,15580,107.0,826850,108.0,2058,50.0,0,1,5,0,Saturday,0
2023-01-22,1593386,76.0,611151,67.0,64883,78.0,61728,68.0,14721,109.0,744230,109.0,1479,54.0,0,1,6,0,Sunday,0
2023-01-23,3135214,61.0,1281037,63.0,172927,57.0,155439,58.0,25087,89.0,809261,93.0,6210,38.0,0,0,0,0,Monday,0
2023-01-24,3566756,69.0,1410676,69.0,196319,65.0,182127,68.0,27701,98.0,863886,99.0,7335,45.0,0,0,1,0,Tuesday,0
2023-01-25,3511071,68.0,1342717,66.0,188247,62.0,171748,64.0,26738,95.0,815210,94.0,6937,42.0,0,0,2,0,Wednesday,0
2023-01-26,3629029,71.0,1408545,69.0,190219,63.0,173696,65.0,27061,96.0,890830,103.0,7093,43.0,0,0,3,0,Thursday,0
2023-01-27,3335372,65.0,1341589,66.0,178881,59.0,149763,56.0,26826,95.0,920095,106.0,6051,37.0,0,0,4,0,Friday,0
2023-01-28,2248107,83.0,861680,72.0,98609,101.0,89845,69.0,15577,107.0,841863,110.0,2333,57.0,0,1,5,0,Saturday,0
2023-01-29,1637398,78.0,647923,71.0,73109,88.0,65422,72.0,15371,114.0,764625,112.0,1694,62.0,0,1,6,0,Sunday,0
2023-01-30,3223530,63.0,1371537,67.0,180476,60.0,159176,59.0,25676,91.0,850406,98.0,6624,40.0,0,0,0,0,Monday,0
2023-01-31,3654404,71.0,1365926,67.0,198755,66.0,183484,68.0,27308,97.0,852930,98.0,7593,46.0,0,0,1,0,Tuesday,0
2023-02-01,3682758,68.0,1460146,68.0,184043,61.0,169846,63.0,28492,97.0,868518,98.0,7588,47.0,0,0,2,0,Wednesday,0
2023-02-02,3699932,68.0,1478477,69.0,187799,62.0,169864,63.0,27917,95.0,894790,101.0,7457,46.0,0,0,3,0,Thursday,0
2023-02-03,3189550,59.0,1246821,58.0,158579,52.0,135908,50.0,26238,89.0,887417,100.0,5819,36.0,0,0,4,0,Friday,0
2023-02-04,1742435,61.0,598818,47.0,69433,74.0,64032,49.0,13439,83.0,737000,89.0,1555,36.0,0,1,5,0,Saturday,0
2023-02-05,1625375,74.0,650623,67.0,69379,89.0,62639,69.0,15413,91.0,758529,101.0,1522,54.0,0,1,6,0,Sunday,0
2023-02-06,3372445,62.0,1431232,67.0,181320,60.0,157813,59.0,26639,91.0,849008,96.0,7068,44.0,0,0,0,0,Monday,0
2023-02-07,3738539,69.0,1491417,69.0,201438,67.0,183389,68.0,28688,97.0,867827,98.0,7736,48.0,0,0,1,0,Tuesday,0
2023-02-08,3780682,70.0,1513135,70.0,197370,65.0,180852,67.0,29653,101.0,884755,100.0,7647,47.0,0,0,2,0,Wednesday,0
2023-02-09,3754859,69.0,1462622,68.0,193326,64.0,172507,64.0,28515,97.0,909007,103.0,7403,46.0,0,0,3,0,Thursday,0
2023-02-10,3539529,65.0,1422781,66.0,179637,59.0,154760,57.0,28094,95.0,947991,107.0,6477,40.0,0,0,4,0,Friday,0
2023-02-11,2333625,81.0,865782,68.0,94434,101.0,88281,67.0,16638,102.0,865505,104.0,1615,38.0,0,1,5,0,Saturday,0
2023-02-12,1746099,80.0,659496,68.0,67457,86.0,63383,69.0,16305,97.0,749533,99.0,1227,44.0,0,1,6,0,Sunday,0
2023-02-13,3303337,61.0,1381524,64.0,180002,59.0,159741,59.0,25900,88.0,854394,97.0,6188,38.0,0,0,0,0,Monday,0
2023-02-14,3812943,70.0,1480867,69.0,200327,66.0,179811,67.0,29001,99.0,897813,102.0,7557,47.0,0,0,1,0,Tuesday,0
2023-02-15,3762817,69.0,1499155,70.0,197344,65.0,181992,68.0,29119,99.0,904926,102.0,7491,46.0,0,0,2,0,Wednesday,0
2023-02-16,3683782,68.0,1461093,68.0,189802,63.0,172189,64.0,28364,96.0,915758,104.0,7318,45.0,0,0,3,0,Thursday,0
2023-02-17,3253165,60.0,1315466,61.0,172113,57.0,150151,56.0,26759,91.0,936689,106.0,5892,36.0,0,0,4,0,Friday,0
2023-02-18,2271106,79.0,822505,65.0,91478,98.0,93213,71.0,15612,96.0,860646,103.0,1266,30.0,0,1,5,0,Saturday,0
2023-02-19,1824136,83.0,639980,66.0,75448,97.0,75064,82.0,16165,96.0,784650,104.0,959,34.0,0,1,6,0,Sunday,0
2023-02-20,2238557,102.0,929439,95.0,90371,116.0,79984,88.0,14818,88.0,809578,107.0,1547,55.0,0,0,0,1,Monday,0
2023-02-21,3325542,61.0,1273578,59.0,194967,64.0,174283,65.0,27224,93.0,864047,98.0,6525,40.0,0,0,1,0,Tuesday,0
2023-02-22,3454362,64.0,1305744,61.0,193753,64.0,171187,64.0,27895,95.0,869960,98.0,6538,40.0,0,0,2,0,Wednesday,0
2023-02-23,3498367,64.0,1328927,62.0,188438,62.0,167193,62.0,27336,93.0,906322,103.0,6695,41.0,0,0,3,0,Thursday,0
2023-02-24,3246699,60.0,1246797,58.0,179793,59.0,153058,57.0,26077,89.0,928057,105.0,5551,34.0,0,0,4,0,Friday,0
2023-02-25,2043635,71.0,800947,63.0,86403,92.0,81742,62.0,15461,95.0,831613,100.0,1396,33.0,0,1,5,0,Saturday,0
2023-02-26,1625191,74.0,676041,69.0,74226,95.0,67702,74.0,15891,94.0,807475,107.0,1095,39.0,0,1,6,0,Sunday,0
2023-02-27,3337916,62.0,1423292,66.0,180277,60.0,160346,60.0,26730,91.0,854625,97.0,6752,42.0,0,0,0,0,Monday,0
2023-02-28,3412079,63.0,1349173,63.0,177532,59.0,139326,52.0,26116,89.0,751643,85.0,6690,41.0,0,0,1,0,Tuesday,0
2023-03-01,3780713,68.0,1511792,67.0,192142,61.0,176661,64.0,29449,99.0,901530,98.0,7403,46.0,0,0,2,0,Wednesday,0
2023-03-02,3765925,68.0,1493623,67.0,195243,62.0,176678,64.0,28978,97.0,934427,101.0,7434,47.0,0,0,3,0,Thursday,0
2023-03-03,3481830,63.0,1417670,63.0,172623,55.0,150603,55.0,27298,92.0,933992,101.0,6167,39.0,0,0,4,0,Friday,0
2023-03-04,2173217,71.0,870341,65.0,96720,90.0,84352,62.0,16263,96.0,844751,97.0,1449,29.0,0,1,5,0,Saturday,0
2023-03-05,1772121,77.0,712408,72.0,81079,93.0,72918,77.0,16956,96.0,831376,103.0,1215,39.0,0,1,6,0,Sunday,0
2023-03-06,3427019,62.0,1460599,65.0,185896,59.0,163314,59.0,27550,93.0,875696,95.0,6849,43.0,0,0,0,0,Monday,0
2023-03-07,3773780,68.0,1490272,66.0,205559,66.0,186615,68.0,28417,96.0,887227,96.0,7607,48.0,0,0,1,0,Tuesday,0
2023-03-08,3842861,69.0,1514182,68.0,203258,65.0,186940,68.0,30476,102.0,918426,100.0,7452,47.0,0,0,2,0,Wednesday,0
2023-03-09,3827656,69.0,1515155,68.0,201711,64.0,186197,68.0,29847,100.0,944406,102.0,7211,45.0,0,0,3,0,Thursday,0
2023-03-10,3502339,63.0,1408909,63.0,182873,58.0,160550,58.0,28209,95.0,964271,105.0,6135,38.0,0,0,4,0,Friday,0
2023-03-11,2230530,73.0,821990,62.0,78979,73.0,88667,65.0,15493,91.0,842108,97.0,1796,35.0,0,1,5,0,Saturday,0
2023-03-12,1773585,77.0,686039,69.0,75970,88.0,70403,75.0,16644,94.0,832873,103.0,1547,49.0,0,1,6,0,Sunday,0
2023-03-13,3352388,60.0,1377045,61.0,179787,57.0,157310,57.0,26027,88.0,852961,93.0,6358,40.0,0,0,0,0,Monday,0
2023-03-14,3577250,64.0,1360497,61.0,189402,60.0,159031,58.0,26262,88.0,775384,84.0,6866,43.0,0,0,1,0,Tuesday,0
2023-03-15,3912366,70.0,1493605,67.0,205092,65.0,187128,68.0,29687,100.0,916918,100.0,7473,47.0,0,0,2,0,Wednesday,0
2023-03-16,3949788,71.0,1522248,68.0,209838,67.0,187573,68.0,30151,101.0,976134,106.0,7562,47.0,0,0,3,0,Thursday,0
2023-03-17,3661519,66.0,1408472,63.0,199191,64.0,171443,62.0,28094,94.0,965113,105.0,6790,43.0,0,0,4,0,Friday,0
2023-03-18,2417873,79.0,921569,69.0,102021,95.0,101788,75.0,16828,99.0,924274,106.0,1839,36.0,0,1,5,0,Saturday,0
2023-03-19,1894476,83.0,661736,67.0,82032,95.0,72936,77.0,16471,93.0,880371,109.0,1247,40.0,0,1,6,0,Sunday,0
2023-03-20,3442589,62.0,1444823,64.0,191367,61.0,167256,61.0,26951,91.0,896248,97.0,6895,43.0,0,0,0,0,Monday,0
2023-03-21,3801084,68.0,1511670,67.0,213026,68.0,189925,69.0,29466,99.0,918684,100.0,7850,49.0,0,0,1,0,Tuesday,0
2023-03-22,3797399,68.0,1509096,67.0,202826,65.0,184321,67.0,29999,101.0,920292,100.0,7589,48.0,0,0,2,0,Wednesday,0
2023-03-23,3774396,68.0,1466839,65.0,200870,64.0,177877,65.0,29189,98.0,934634,101.0,7208,45.0,0,0,3,0,Thursday,0
2023-03-24,3534300,63.0,1420346,63.0,188352,60.0,159574,58.0,27883,94.0,959147,104.0,6133,38.0,0,0,4,0,Friday,0
2023-03-25,2153554,70.0,784068,59.0,89101,83.0,82702,61.0,15556,92.0,830547,95.0,1765,35.0,0,1,5,0,Saturday,0
2023-03-26,1939984,85.0,724870,73.0,83054,96.0,81819,87.0,16878,96.0,871824,108.0,1648,52.0,0,1,6,0,Sunday,0
2023-03-27,3397258,61.0,1426226,64.0,192461,61.0,166543,60.0,26394,89.0,885237,96.0,6675,42.0,0,0,0,0,Monday,0
2023-03-28,3765920,68.0,1490842,67.0,207837,66.0,189294,69.0,28923,97.0,894984,97.0,7541,47.0,0,0,1,0,Tuesday,0
2023-03-29,3872948,70.0,1521968,68.0,208736,67.0,187520,68.0,29771,100.0,922903,100.0,7825,49.0,0,0,2,0,Wednesday,0
2023-03-30,3860289,69.0,1486845,66.0,200601,64.0,187344,68.0,29363,99.0,957635,104.0,7512,47.0,0,0,3,0,Thursday,0
2023-03-31,3573735,64.0,1423686,64.0,184342,59.0,158879,58.0,28599,96.0,977962,106.0,6426,40.0,0,0,4,0,Friday,0
2023-04-01,2283533,72.0,842213,63.0,82140,72.0,88096,59.0,16428,98.0,856286,94.0,1520,30.0,0,1,5,0,Saturday,0
2023-04-02,1949665,80.0,716880,72.0,76059,83.0,79027,77.0,17660,95.0,855422,99.0,1319,40.0,0,1,6,0,Sunday,0
2023-04-03,3597785,65.0,1475017,67.0,182947,59.0,162370,57.0,27387,95.0,899177,96.0,7076,44.0,0,0,0,0,Monday,0
2023-04-04,3906882,70.0,1519740,70.0,200063,64.0,188769,66.0,29698,103.0,913561,97.0,7633,47.0,0,0,1,0,Tuesday,0
2023-04-05,3799965,68.0,1432322,66.0,205060,66.0,185283,65.0,29462,102.0,938533,100.0,7163,44.0,0,0,2,0,Wednesday,0
2023-04-06,3421271,61.0,1264311,58.0,193340,62.0,169192,59.0,27061,94.0,914933,97.0,6122,38.0,0,0,3,0,Thursday,0
2023-04-07,3130675,56.0,1150222,53.0,187800,60.0,159262,56.0,23831,82.0,900772,96.0,4925,30.0,0,0,4,0,Friday,0
2023-04-08,2393347,76.0,882727,66.0,108740,95.0,99273,67.0,16256,97.0,872566,96.0,2393,47.0,0,1,5,0,Saturday,0
2023-04-09,1855826,76.0,654259,66.0,98030,107.0,85620,83.0,19026,102.0,904505,104.0,1916,59.0,0,1,6,0,Sunday,0
2023-04-10,3142740,56.0,1236634,57.0,191412,62.0,170713,60.0,24135,83.0,922582,98.0,6121,38.0,0,0,0,0,Monday,0
2023-04-11,3537843,63.0,1316710,60.0,210828,68.0,193831,68.0,27777,96.0,895251,95.0,7081,44.0,0,0,1,0,Tuesday,0
2023-04-12,3576687,64.0,1311418,60.0,207802,67.0,191574,67.0,28326,98.0,890891,95.0,6863,42.0,0,0,2,0,Wednesday,0
2023-04-13,3628304,65.0,1311906,60.0,200072,64.0,183658,64.0,28451,98.0,939226,100.0,6668,41.0,0,0,3,0,Thursday,0
2023-04-14,3471420,62.0,1294357,59.0,190858,61.0,173790,61.0,27514,95.0,989052,105.0,5869,36.0,0,0,4,0,Friday,0
2023-04-15,2365464,75.0,890050,67.0,99793,87.0,103902,70.0,16804,101.0,916008,100.0,1743,34.0,0,1,5,0,Saturday,0
2023-04-16,1864753,77.0,728462,73.0,80318,88.0,85026,83.0,16835,90.0,881923,102.0,1309,40.0,0,1,6,0,Sunday,0
2023-04-17,3418834,61.0,1438043,66.0,188445,61.0,167759,58.0,27611,95.0,897271,95.0,6926,43.0,0,0,0,0,Monday,0
2023-04-18,3862133,69.0,1526133,70.0,207882,67.0,194548,68.0,29658,103.0,929653,99.0,7879,49.0,0,0,1,0,Tuesday,0
2023-04-19,3927706,70.0,1530452,70.0,206116,66.0,195085,68.0,30829,107.0,952981,101.0,7889,49.0,0,0,2,0,Wednesday,0
2023-04-20,4002433,72.0,1520258,70.0,208664,67.0,189699,66.0,30106,104.0,1014633,108.0,7577,47.0,0,0,3,0,Thursday,0
2023-04-21,3492257,63.0,1310737,60.0,195442,63.0,174727,61.0,27777,96.0,994549,106.0,6005,37.0,0,0,4,0,Friday,0
2023-04-22,2506140,79.0,893014,67.0,106134,93.0,106032,71.0,16865,101.0,931077,102.0,1715,34.0,0,1,5,0,Saturday,0
2023-04-23,1923243,79.0,673668,68.0,87793,96.0,79003,77.0,15947,85.0,880726,102.0,1326,41.0,0,1,6,0,Sunday,0
2023-04-24,3561262,64.0,1466762,67.0,196593,63.0,173997,61.0,27254,94.0,911973,97.0,7020,43.0,0,0,0,0,Monday,0
2023-04-25,3956922,71.0,1529162,70.0,216767,70.0,192115,67.0,29504,102.0,927611,99.0,7806,48.0,0,0,1,0,Tuesday,0
2023-04-26,3994837,72.0,1531476,70.0,216097,70.0,191885,67.0,30191,104.0,947254,101.0,7758,48.0,0,0,2,0,Wednesday,0
2023-04-27,3999831,72.0,1506783,69.0,216674,70.0,184365,64.0,29969,104.0,981809,104.0,7564,47.0,0,0,3,0,Thursday,0
2023-04-28,3703088,66.0,1424078,65.0,195436,63.0,160861,56.0,28306,98.0,996548,106.0,6441,40.0,0,0,4,0,Friday,0
2023-04-29,2179978,69.0,715608,54.0,85167,75.0,77009,52.0,15688,94.0,832504,91.0,1871,37.0,0,1,5,0,Saturday,0
2023-04-30,1744098,72.0,578075,58.0,75065,82.0,65334,63.0,15451,83.0,786171,91.0,1355,42.0,0,1,6,0,Sunday,0
2023-05-01,3664755,64.0,1465598,64.0,188566,59.0,167178,58.0,27445,93.0,922971,96.0,6960,40.0,0,0,0,0,Monday,0
2023-05-02,3961858,69.0,1498566,66.0,211550,66.0,197217,69.0,29472,100.0,916459,95.0,7749,45.0,0,0,1,0,Tuesday,0
2023-05-03,4030601,70.0,1533714,67.0,209450,66.0,195363,68.0,30850,105.0,940822,98.0,7862,45.0,0,0,2,0,Wednesday,0
2023-05-04,3985001,70.0,1497427,66.0,206323,65.0,189538,66.0,30449,104.0,966836,100.0,7417,43.0,0,0,3,0,Thursday,0
2023-05-05,3759375,66.0,1450598,64.0,200675,63.0,170610,60.0,28952,98.0,1011491,105.0,6514,37.0,0,0,4,0,Friday,0
2023-05-06,2563102,80.0,934630,67.0,111525,94.0,103318,69.0,18349,106.0,976630,102.0,2584,53.0,0,1,5,0,Saturday,0
2023-05-07,2033790,85.0,705419,73.0,92076,94.0,83007,80.0,17822,105.0,902067,106.0,2705,77.0,0,1,6,0,Sunday,0
2023-05-08,3563340,62.0,1460932,64.0,198056,62.0,180789,63.0,27771,94.0,935045,97.0,7196,41.0,0,0,0,0,Monday,0
2023-05-09,3925555,69.0,1524892,67.0,221290,69.0,205069,72.0,29923,102.0,955033,99.0,7827,45.0,0,0,1,0,Tuesday,0
2023-05-10,4014009,70.0,1528140,67.0,221747,69.0,203414,71.0,31360,107.0,981586,102.0,7998,46.0,0,0,2,0,Wednesday,0
2023-05-11,4015942,70.0,1535264,67.0,210683,66.0,201006,70.0,30899,105.0,1016578,106.0,7619,44.0,0,0,3,0,Thursday,0
2023-05-12,3723192,65.0,1436385,63.0,201367,63.0,185027,65.0,29397,100.0,1043802,108.0,6629,38.0,0,0,4,0,Friday,0
2023-05-13,2487178,77.0,918257,66.0,113810,96.0,109940,73.0,18340,106.0,1008311,105.0,1973,41.0,0,1,5,0,Saturday,0
2023-05-14,1926966,81.0,690606,72.0,102178,105.0,101088,97.0,20222,119.0,981015,115.0,1654,47.0,0,1,6,0,Sunday,0
2023-05-15,3553443,62.0,1440741,63.0,201209,63.0,184909,65.0,25892,88.0,947897,98.0,6956,40.0,0,0,0,0,Monday,0
2023-05-16,4002015,70.0,1519397,67.0,227489,71.0,207484,72.0,29747,101.0,965091,100.0,7930,46.0,0,0,1,0,Tuesday,0
2023-05-17,4104786,72.0,1518546,67.0,223059,70.0,206630,72.0,30423,103.0,985531,102.0,7118,41.0,0,0,2,0,Wednesday,0
2023-05-18,4082154,71.0,1492657,66.0,218955,69.0,198433,69.0,29842,101.0,1008886,105.0,7530,43.0,0,0,3,0,Thursday,0
2023-05-19,3789929,66.0,1431269,63.0,208310,65.0,181114,63.0,28381,97.0,1024064,106.0,6362,37.0,0,0,4,0,Friday,0
2023-05-20,2314672,72.0,760830,55.0,102957,87.0,95625,63.0,16570,96.0,888784,93.0,1970,41.0,0,1,5,0,Saturday,0
2023-05-21,2132724,89.0,727850,76.0,103484,106.0,91335,88.0,17545,103.0,959948,113.0,1919,55.0,0,1,6,0,Sunday,0
2023-05-22,3571748,62.0,1446015,64.0,203122,64.0,186008,65.0,27038,92.0,942741,98.0,6935,40.0,0,0,0,0,Monday,0
2023-05-23,3929003,69.0,1500973,66.0,219619,69.0,214621,75.0,29538,100.0,953703,99.0,7928,46.0,0,0,1,0,Tuesday,0
2023-05-24,3960264,69.0,1499943,66.0,219886,69.0,208487,73.0,30495,104.0,983724,102.0,7667,44.0,0,0,2,0,Wednesday,0
2023-05-25,3859385,67.0,1459601,64.0,215946,68.0,201855,71.0,29311,100.0,1007341,105.0,7183,41.0,0,0,3,0,Thursday,0
2023-05-26,3496511,61.0,1370252,60.0,207347,65.0,187188,65.0,27037,92.0,994185,103.0,5747,33.0,0,0,4,0,Friday,0
2023-05-27,2375741,74.0,848442,61.0,116439,98.0,120011,80.0,16731,97.0,925766,97.0,2913,60.0,0,1,5,0,Saturday,0
2023-05-28,2029088,85.0,707787,73.0,102985,106.0,102009,98.0,17527,103.0,906089,106.0,2426,69.0,0,1,6,0,Sunday,0
2023-05-29,1952779,82.0,758893,79.0,99456,102.0,86149,83.0,12121,71.0,836613,98.0,2520,72.0,0,0,0,1,Monday,0
2023-05-30,3714864,65.0,1438285,63.0,227623,71.0,205661,72.0,27645,94.0,959824,100.0,7398,43.0,0,0,1,0,Tuesday,0
2023-05-31,3911382,68.0,1480801,65.0,229227,72.0,211998,74.0,30078,102.0,971602,101.0,7691,44.0,0,0,2,0,Wednesday,0
2023-06-01,3894167,69.0,1457503,68.0,210483,63.0,191410,65.0,30088,103.0,1006107,102.0,7152,44.0,0,0,3,0,Thursday,0
2023-06-02,3626490,65.0,1399462,65.0,202543,61.0,170399,58.0,29570,101.0,1011244,103.0,6470,40.0,0,0,4,0,Friday,0
2023-06-03,2411704,75.0,899212,64.0,115723,94.0,102668,65.0,18118,105.0,958346,97.0,1837,36.0,0,1,5,0,Saturday,0
2023-06-04,1988330,76.0,714218,66.0,103120,105.0,88859,81.0,18429,102.0,931347,101.0,1573,40.0,0,1,6,0,Sunday,0
2023-06-05,3544106,63.0,1432156,67.0,200806,60.0,183510,62.0,27920,95.0,938818,95.0,6892,43.0,0,0,0,0,Monday,0
2023-06-06,3929131,70.0,1474317,69.0,218376,66.0,213292,72.0,29999,102.0,945555,96.0,7795,48.0,0,0,1,0,Tuesday,0
2023-06-07,3743889,67.0,1390834,65.0,212982,64.0,202951,69.0,31147,106.0,941798,96.0,7334,45.0,0,0,2,0,Wednesday,0
2023-06-08,3268529,58.0,1216291,57.0,189487,57.0,176985,60.0,27689,95.0,932162,95.0,5503,34.0,0,0,3,0,Thursday,0
2023-06-09,3425232,61.0,1256670,58.0,214001,64.0,185677,63.0,25845,88.0,1005974,102.0,5482,34.0,0,0,4,0,Friday,0
2023-06-10,2608756,81.0,892936,64.0,139304,113.0,117616,74.0,17996,104.0,991238,101.0,1978,39.0,0,1,5,0,Saturday,0
2023-06-11,2075651,79.0,695200,64.0,106971,109.0,98115,90.0,17958,99.0,976811,106.0,1582,41.0,0,1,6,0,Sunday,0
2023-06-12,3479404,62.0,1394575,65.0,202015,61.0,185343,63.0,27520,94.0,939370,96.0,6744,42.0,0,0,0,0,Monday,0
2023-06-13,3968160,71.0,1500122,70.0,233588,70.0,212364,72.0,30441,104.0,971010,99.0,7850,48.0,0,0,1,0,Tuesday,0
2023-06-14,3893073,69.0,1434687,67.0,235667,71.0,207746,70.0,30661,105.0,971437,99.0,7234,45.0,0,0,2,0,Wednesday,0
2023-06-15,3928393,70.0,1475300,69.0,228608,69.0,206188,70.0,31298,107.0,1028832,105.0,7390,46.0,0,0,3,0,Thursday,0
2023-06-16,3395938,61.0,1300751,61.0,214883,65.0,177916,60.0,28693,98.0,1025514,104.0,5960,37.0,0,0,4,0,Friday,0
2023-06-17,2399521,74.0,872453,62.0,138654,113.0,111460,70.0,17967,104.0,1000053,102.0,2632,52.0,0,1,5,0,Saturday,0
2023-06-18,1977582,76.0,707615,65.0,119996,122.0,95597,88.0,19384,107.0,971860,105.0,2029,52.0,0,1,6,0,Sunday,0
2023-06-19,2636887,101.0,1075747,99.0,196645,200.0,168591,154.0,17494,97.0,964071,104.0,4094,105.0,0,0,0,1,Monday,0
2023-06-20,3782810,67.0,1434258,67.0,235806,71.0,224371,76.0,29482,101.0,979074,100.0,7540,47.0,0,0,1,0,Tuesday,0
2023-06-21,3902298,70.0,1430476,67.0,242162,73.0,221141,75.0,31019,106.0,999201,102.0,7551,47.0,0,0,2,0,Wednesday,0
2023-06-22,3782472,67.0,1367709,64.0,233588,70.0,208969,71.0,29220,100.0,1013372,103.0,6956,43.0,0,0,3,0,Thursday,0
2023-06-23,3470575,62.0,1282954,60.0,222283,67.0,188373,64.0,28619,98.0,1022942,104.0,6167,38.0,0,0,4,0,Friday,0
2023-06-24,2467994,77.0,844674,60.0,128075,104.0,109217,69.0,16937,98.0,951605,97.0,2551,50.0,0,1,5,0,Saturday,0
2023-06-25,2222704,85.0,689020,63.0,123527,125.0,113238,104.0,17103,95.0,948428,103.0,2248,58.0,0,1,6,0,Sunday,0
2023-06-26,3341322,60.0,1314743,61.0,218393,66.0,185070,63.0,26823,92.0,962862,98.0,6516,40.0,0,0,0,0,Monday,0
2023-06-27,3744227,67.0,1391914,65.0,231738,70.0,209234,71.0,29246,100.0,969784,99.0,7633,47.0,0,0,1,0,Tuesday,0
2023-06-28,3634270,65.0,1305832,61.0,233457,70.0,207293,70.0,29092,99.0,988315,101.0,6762,42.0,0,0,2,0,Wednesday,0
2023-06-29,3653631,65.0,1307649,61.0,233625,70.0,200724,68.0,28876,99.0,1036568,105.0,6946,43.0,0,0,3,0,Thursday,0
2023-06-30,3259767,58.0,1248822,58.0,219673,66.0,178064,60.0,28028,96.0,1043286,106.0,5817,36.0,0,0,4,0,Friday,0
2023-07-01,2239529,79.0,859295,64.0,120270,94.0,99597,64.0,17093,108.0,956890,103.0,2745,54.0,0,1,5,0,Saturday,0
2023-07-02,1783757,76.0,668297,61.0,92780,89.0,74415,70.0,16717,101.0,832828,94.0,1988,56.0,0,1,6,0,Sunday,0
2023-07-03,2662052,50.0,1117930,54.0,149641,47.0,128417,45.0,23795,84.0,860662,90.0,4718,34.0,0,0,0,0,Monday,0
2023-07-04,1791179,77.0,631937,58.0,96458,92.0,84010,79.0,13059,79.0,715453,81.0,2305,65.0,0,0,1,1,Tuesday,0
2023-07-05,3318379,63.0,1296583,63.0,211448,67.0,189434,67.0,28774,101.0,963342,100.0,6472,47.0,0,0,2,0,Wednesday,0
2023-07-06,3494806,66.0,1333630,64.0,209335,66.0,186822,66.0,29894,105.0,959636,100.0,6608,48.0,0,0,3,0,Thursday,0
2023-07-07,3292266,62.0,1273900,61.0,197892,62.0,171597,61.0,28609,101.0,977009,102.0,5868,43.0,0,0,4,0,Friday,0
2023-07-08,2308794,82.0,867047,64.0,120931,95.0,107854,70.0,17879,113.0,949008,103.0,2695,53.0,0,1,5,0,Saturday,0
2023-07-09,1776607,76.0,651953,59.0,95243,91.0,83783,79.0,16695,101.0,869686,98.0,1914,54.0,0,1,6,0,Sunday,0
2023-07-10,3208730,61.0,1307297,63.0,196506,62.0,171497,61.0,27354,96.0,925569,96.0,6175,45.0,0,0,0,0,Monday,0
2023-07-11,3613670,68.0,1381701,67.0,221923,70.0,200151,71.0,30085,106.0,952112,99.0,7149,52.0,0,0,1,0,Tuesday,0
2023-07-12,3696737,70.0,1383484,67.0,218097,69.0,199169,70.0,31015,109.0,977898,102.0,6901,50.0,0,0,2,0,Wednesday,0
2023-07-13,3648007,69.0,1359302,66.0,218715,69.0,190952,67.0,29980,106.0,990761,103.0,6888,50.0,0,0,3,0,Thursday,0
2023-07-14,3209393,61.0,1231624,59.0,198119,63.0,163840,58.0,28489,100.0,986748,103.0,5588,41.0,0,0,4,0,Friday,0
2023-07-15,2326054,82.0,889709,66.0,124007,97.0,107124,69.0,18043,114.0,983132,106.0,2409,47.0,0,1,5,0,Saturday,0
2023-07-16,1599858,68.0,583645,53.0,89763,86.0,72406,68.0,16496,100.0,817659,92.0,1559,44.0,0,1,6,0,Sunday,0
2023-07-17,3282092,62.0,1310810,63.0,205378,65.0,182216,64.0,27637,97.0,964710,100.0,6345,46.0,0,0,0,0,Monday,0
2023-07-18,3584819,68.0,1313665,63.0,225299,71.0,204203,72.0,29105,103.0,944208,98.0,6766,49.0,0,0,1,0,Tuesday,0
2023-07-19,3679343,70.0,1342781,65.0,224202,71.0,203857,72.0,30527,108.0,969944,101.0,6938,50.0,0,0,2,0,Wednesday,0
2023-07-20,3711017,70.0,1333607,64.0,224327,71.0,197400,70.0,29745,105.0,1004167,104.0,6858,50.0,0,0,3,0,Thursday,0
2023-07-21,3227154,61.0,1211839,58.0,201177,64.0,176892,62.0,27485,97.0,1000836,104.0,5389,39.0,0,0,4,0,Friday,0
2023-07-22,2459990,87.0,894490,66.0,133328,104.0,93215,60.0,18283,115.0,1005606,109.0,2117,42.0,0,1,5,0,Saturday,0
2023-07-23,1984503,85.0,723774,66.0,116485,111.0,94729,89.0,18021,109.0,988636,112.0,1511,42.0,0,1,6,0,Sunday,0
2023-07-24,3255379,62.0,1302964,63.0,206025,65.0,180716,64.0,27222,96.0,948855,99.0,6175,45.0,0,0,0,0,Monday,0
2023-07-25,3630414,69.0,1307716,63.0,226651,72.0,211053,75.0,29285,103.0,939926,98.0,7050,51.0,0,0,1,0,Tuesday,0
2023-07-26,3758378,71.0,1382345,67.0,226363,71.0,210315,74.0,30501,108.0,977673,102.0,7298,53.0,0,0,2,0,Wednesday,0
2023-07-27,3580012,68.0,1313385,63.0,219460,69.0,187729,66.0,28692,101.0,973315,101.0,6788,49.0,0,0,3,0,Thursday,0
2023-07-28,3266199,62.0,1246295,60.0,205845,65.0,170128,60.0,27522,97.0,1023958,107.0,5631,41.0,0,0,4,0,Friday,0
2023-07-29,2251524,80.0,856921,63.0,120457,94.0,100508,65.0,16747,105.0,957063,104.0,2314,45.0,0,1,5,0,Saturday,0
2023-07-30,1952433,83.0,705279,64.0,116784,111.0,91861,87.0,17450,106.0,989071,112.0,2077,58.0,0,1,6,0,Sunday,0
2023-07-31,3204920,61.0,1283835,62.0,205976,65.0,185348,65.0,26682,94.0,969712,101.0,6161,45.0,0,0,0,0,Monday,0
2023-08-01,3598379,70.0,1357252,67.0,221518,71.0,199547,73.0,29354,105.0,954649,98.0,7060,53.0,0,0,1,0,Tuesday,0
2023-08-02,3640307,71.0,1359233,67.0,219641,70.0,201003,74.0,30380,109.0,964978,99.0,6913,52.0,0,0,2,0,Wednesday,0
2023-08-03,3609076,70.0,1350472,67.0,220565,71.0,197044,72.0,30483,109.0,994978,102.0,6753,50.0,0,0,3,0,Thursday,0
2023-08-04,3228510,63.0,1241122,61.0,193528,62.0,171533,63.0,28128,101.0,987994,102.0,5593,42.0,0,0,4,0,Friday,0
2023-08-05,2364364,80.0,879423,64.0,122596,92.0,114660,76.0,18835,113.0,969702,101.0,2838,60.0,0,1,5,0,Saturday,0
2023-08-06,1910841,80.0,715130,65.0,107399,103.0,96010,92.0,18805,105.0,956499,104.0,2171,60.0,0,1,6,0,Sunday,0
2023-08-07,3041001,59.0,1208443,60.0,191530,61.0,163799,60.0,27174,97.0,901342,93.0,5884,44.0,0,0,0,0,Monday,0
2023-08-08,3510047,68.0,1339073,66.0,218555,70.0,193867,71.0,29435,105.0,933802,96.0,7035,53.0,0,0,1,0,Tuesday,0
2023-08-09,3613062,70.0,1369095,68.0,224241,72.0,192028,70.0,30849,110.0,960119,99.0,6858,51.0,0,0,2,0,Wednesday,0
2023-08-10,3429304,67.0,1262073,63.0,208782,67.0,178768,66.0,29758,107.0,956875,98.0,6333,47.0,0,0,3,0,Thursday,0
2023-08-11,3311714,64.0,1275618,63.0,206947,66.0,171116,63.0,29109,104.0,1018825,105.0,6119,46.0,0,0,4,0,Friday,0
2023-08-12,2366787,81.0,844749,61.0,131586,99.0,109269,72.0,18390,111.0,970527,101.0,2835,60.0,0,1,5,0,Saturday,0
2023-08-13,1953558,82.0,690541,62.0,112932,109.0,93730,90.0,18071,101.0,965362,105.0,2196,61.0,0,1,6,0,Sunday,0
2023-08-14,3092801,60.0,1246445,62.0,201352,64.0,168873,62.0,27185,97.0,939920,97.0,6051,45.0,0,0,0,0,Monday,0
2023-08-15,3385996,66.0,1273782,63.0,212116,68.0,187441,69.0,29122,104.0,924053,95.0,6680,50.0,0,0,1,0,Tuesday,0
2023-08-16,3447648,67.0,1300953,64.0,217398,70.0,190267,70.0,30763,110.0,956351,98.0,6652,50.0,0,0,2,0,Wednesday,0
2023-08-17,3385056,66.0,1275993,63.0,212321,68.0,180631,66.0,30045,108.0,975018,100.0,6360,48.0,0,0,3,0,Thursday,0
2023-08-18,3182516,62.0,1208502,60.0,208639,67.0,174410,64.0,27468,98.0,999976,103.0,5361,40.0,0,0,4,0,Friday,0
2023-08-19,2358962,80.0,856814,62.0,144076,108.0,124069,82.0,19246,116.0,983353,103.0,2665,57.0,0,1,5,0,Saturday,0
2023-08-20,1870625,79.0,689829,62.0,101351,97.0,94332,91.0,18004,100.0,958807,104.0,2065,58.0,0,1,6,0,Sunday,0
2023-08-21,2971166,58.0,1199440,59.0,198534,63.0,170102,62.0,26325,94.0,929844,96.0,5857,44.0,0,0,0,0,Monday,0
2023-08-22,3352769,65.0,1263459,63.0,213724,68.0,194321,71.0,28913,104.0,928605,96.0,6463,48.0,0,0,1,0,Tuesday,0
2023-08-23,3412842,66.0,1272485,63.0,215258,69.0,192053,70.0,30187,108.0,954470,98.0,6566,49.0,0,0,2,0,Wednesday,0
2023-08-24,3297927,64.0,1201155,60.0,204439,65.0,176827,65.0,28689,103.0,958830,99.0,6191,46.0,0,0,3,0,Thursday,0
2023-08-25,3034255,59.0,1143010,57.0,191119,61.0,153854,56.0,26511,95.0,953126,98.0,4891,37.0,0,0,4,0,Friday,0
2023-08-26,2281885,78.0,844428,61.0,122930,92.0,100194,66.0,18024,108.0,954892,100.0,2700,57.0,0,1,5,0,Saturday,0
2023-08-27,1909806,80.0,702984,64.0,106913,103.0,85878,83.0,18022,100.0,943519,103.0,2088,58.0,0,1,6,0,Sunday,0
2023-08-28,3121505,61.0,1240688,61.0,215843,69.0,170897,63.0,26613,95.0,932328,96.0,6179,46.0,0,0,0,0,Monday,0
2023-08-29,3401088,66.0,1284953,64.0,235092,75.0,189077,69.0,28250,101.0,930248,96.0,6677,50.0,0,0,1,0,Tuesday,0
2023-08-30,3462970,67.0,1267435,63.0,230912,74.0,180304,66.0,29450,105.0,959898,99.0,6639,50.0,0,0,2,0,Wednesday,0
2023-08-31,3450532,67.0,1315113,65.0,229477,73.0,176676,65.0,29312,105.0,1017088,105.0,6537,49.0,0,0,3,0,Thursday,0
2023-09-01,3196284,55.0,1225370,53.0,202450,62.0,152974,53.0,28920,97.0,1025352,108.0,5372,31.0,0,0,4,0,Friday,0
2023-09-02,2307416,72.0,842591,60.0,132551,112.0,107230,70.0,18536,108.0,939962,98.0,2633,64.0,0,1,5,0,Saturday,0
2023-09-03,2013506,79.0,692079,63.0,119566,121.0,90729,86.0,19598,114.0,939811,106.0,2185,75.0,0,1,6,0,Sunday,0
2023-09-04,1879819,74.0,686326,62.0,114475,115.0,87538,83.0,12292,72.0,856049,97.0,2188,75.0,0,0,0,1,Monday,0
2023-09-05,3483755,60.0,1349438,58.0,239334,73.0,218899,76.0,29869,101.0,969997,102.0,6739,39.0,0,0,1,0,Tuesday,0
2023-09-06,3712071,64.0,1395521,60.0,238477,73.0,211126,73.0,32290,109.0,963978,101.0,6909,40.0,0,0,2,0,Wednesday,0
2023-09-07,3867746,67.0,1441437,62.0,226937,69.0,206910,72.0,31704,107.0,981360,103.0,7044,41.0,0,0,3,0,Thursday,0
2023-09-08,3609701,63.0,1365283,59.0,225125,69.0,183785,64.0,30083,101.0,1015782,107.0,6257,37.0,0,0,4,0,Friday,0
2023-09-09,2425515,75.0,840378,60.0,125177,106.0,102373,67.0,17897,104.0,953082,100.0,2575,62.0,0,1,5,0,Saturday,0
2023-09-10,1822230,72.0,626222,57.0,96835,98.0,81850,78.0,17916,104.0,870988,98.0,1623,55.0,0,1,6,0,Sunday,0
2023-09-11,3596538,62.0,1400268,60.0,213280,65.0,191592,66.0,29057,98.0,911493,96.0,7182,42.0,0,0,0,0,Monday,0
2023-09-12,4014480,70.0,1519571,65.0,241196,74.0,221092,77.0,31779,107.0,955533,100.0,8031,47.0,0,0,1,0,Tuesday,0
2023-09-13,3938516,68.0,1482320,64.0,229765,70.0,210001,73.0,31900,107.0,936338,98.0,7787,46.0,0,0,2,0,Wednesday,0
2023-09-14,4045169,70.0,1517040,65.0,232039,71.0,206374,72.0,32717,110.0,989072,104.0,7847,46.0,0,0,3,0,Thursday,0
2023-09-15,3694845,64.0,1398937,60.0,225904,69.0,192398,67.0,30957,104.0,1022344,107.0,6429,38.0,0,0,4,0,Friday,0
2023-09-16,2446139,76.0,881354,63.0,117997,100.0,115065,75.0,18923,110.0,972924,102.0,2864,69.0,0,1,5,0,Saturday,0
2023-09-17,1988003,78.0,666392,60.0,107302,108.0,96229,92.0,18330,107.0,902993,102.0,2197,75.0,0,1,6,0,Sunday,0
2023-09-18,3539047,61.0,1294777,56.0,215151,66.0,192103,67.0,28341,95.0,876621,92.0,7010,41.0,0,0,0,0,Monday,0
2023-09-19,4140301,72.0,1480863,64.0,241135,74.0,224426,78.0,31109,105.0,934708,98.0,8652,51.0,0,0,1,0,Tuesday,0
2023-09-20,4179861,72.0,1478618,64.0,242203,74.0,219540,76.0,32181,108.0,958671,101.0,8671,51.0,0,0,2,0,Wednesday,0
2023-09-21,4139288,72.0,1478606,64.0,232409,71.0,211375,73.0,31455,106.0,978561,103.0,8554,50.0,0,0,3,0,Thursday,0
2023-09-22,3840412,67.0,1403811,60.0,223821,68.0,194197,67.0,30086,101.0,1020253,107.0,7175,42.0,0,0,4,0,Friday,0
2023-09-23,2116140,66.0,682092,49.0,96073,81.0,86985,57.0,15680,92.0,803480,84.0,2012,49.0,0,1,5,0,Saturday,0
2023-09-24,1701656,67.0,562224,51.0,83669,84.0,75103,71.0,15255,89.0,742634,84.0,1863,64.0,0,1,6,0,Sunday,0
2023-09-25,2885921,50.0,1035021,45.0,194611,59.0,175651,61.0,24609,83.0,812779,85.0,5320,31.0,0,0,0,0,Monday,0
2023-09-26,3946624,68.0,1393963,60.0,235620,72.0,214987,75.0,30558,103.0,909652,95.0,7655,45.0,0,0,1,0,Tuesday,0
2023-09-27,4074930,71.0,1463309,63.0,232823,71.0,212978,74.0,32758,110.0,943929,99.0,7877,46.0,0,0,2,0,Wednesday,0
2023-09-28,4051444,70.0,1433729,62.0,227819,70.0,201304,70.0,31804,107.0,965165,101.0,7587,44.0,0,0,3,0,Thursday,0
2023-09-29,2467295,43.0,1053306,45.0,188008,57.0,128570,45.0,29054,98.0,826445,87.0,5183,30.0,0,0,4,0,Friday,0
2023-09-30,2205573,68.0,789587,56.0,104842,89.0,100703,66.0,16536,97.0,864863,91.0,1936,47.0,0,1,5,0,Saturday,0
2023-10-01,1995361,81.0,669243,67.0,94222,103.0,92724,88.0,18586,101.0,898064,106.0,1984,53.0,0,1,6,0,Sunday,0
2023-10-02,3649389,63.0,1390842,62.0,208901,66.0,183892,63.0,28672,96.0,931216,100.0,7289,41.0,0,0,0,0,Monday,0
2023-10-03,4008201,70.0,1471939,65.0,235305,75.0,214111,74.0,32295,108.0,937269,101.0,7953,45.0,0,0,1,0,Tuesday,0
2023-10-04,4026878,70.0,1467384,65.0,231999,74.0,209399,72.0,33186,111.0,949285,102.0,7928,44.0,0,0,2,0,Wednesday,0
2023-10-05,4030304,70.0,1457151,65.0,233470,74.0,207356,71.0,32414,109.0,973371,105.0,7814,44.0,0,0,3,0,Thursday,0
2023-10-06,3639729,63.0,1325428,59.0,225040,72.0,193065,66.0,30643,103.0,1000568,108.0,6284,35.0,0,0,4,0,Friday,0
2023-10-07,2199478,66.0,720734,52.0,105975,93.0,95026,62.0,16919,96.0,842763,89.0,2010,44.0,0,1,5,0,Saturday,0
2023-10-08,2044534,83.0,654443,65.0,98315,108.0,105952,101.0,18471,101.0,896319,106.0,2722,72.0,0,1,6,0,Sunday,0
2023-10-09,2833654,49.0,1023375,45.0,206491,66.0,189567,65.0,21655,73.0,905490,98.0,4576,26.0,0,0,0,1,Monday,0
2023-10-10,3954925,69.0,1423532,63.0,239967,76.0,220445,76.0,31970,107.0,935467,101.0,8356,47.0,0,0,1,0,Tuesday,0
2023-10-11,4056504,71.0,1451764,64.0,236033,75.0,214437,74.0,33382,112.0,950384,102.0,8630,48.0,0,0,2,0,Wednesday,0
2023-10-12,4104598,71.0,1436967,64.0,248974,79.0,215284,74.0,32865,110.0,988904,107.0,8255,46.0,0,0,3,0,Thursday,0
2023-10-13,3560964,62.0,1322576,59.0,226873,72.0,193658,67.0,31134,105.0,1002148,108.0,6429,36.0,0,0,4,0,Friday,0
2023-10-14,2219786,67.0,717223,52.0,110177,97.0,96158,63.0,17155,97.0,873287,92.0,2298,50.0,0,1,5,0,Saturday,0
2023-10-15,2013096,82.0,689581,69.0,102493,113.0,100633,96.0,18455,100.0,911179,108.0,2148,57.0,0,1,6,0,Sunday,0
2023-10-16,3661144,64.0,1381665,61.0,228147,73.0,203627,70.0,29453,99.0,925864,100.0,7735,43.0,0,0,0,0,Monday,0
2023-10-17,4021342,70.0,1439468,64.0,243917,78.0,222110,76.0,31921,107.0,944335,102.0,8354,47.0,0,0,1,0,Tuesday,0
2023-10-18,4074460,71.0,1440292,64.0,236072,75.0,213952,74.0,33615,113.0,948559,102.0,8356,47.0,0,0,2,0,Wednesday,0
2023-10-19,4121563,72.0,1440111,64.0,234999,75.0,212946,73.0,32909,111.0,986310,106.0,8148,46.0,0,0,3,0,Thursday,0
2023-10-20,3616336,63.0,1232782,55.0,222385,71.0,192383,66.0,29766,100.0,961759,104.0,6272,35.0,0,0,4,0,Friday,0
2023-10-21,2438387,73.0,793917,57.0,113139,100.0,101963,67.0,17530,99.0,907106,96.0,2464,54.0,0,1,5,0,Saturday,0
2023-10-22,1983271,81.0,678536,68.0,98471,108.0,93659,89.0,18954,103.0,928307,110.0,2021,54.0,0,1,6,0,Sunday,0
2023-10-23,3667240,64.0,1375311,61.0,221569,70.0,199199,68.0,29261,98.0,925334,100.0,7615,43.0,0,0,0,0,Monday,0
2023-10-24,4040571,70.0,1431006,63.0,241544,77.0,218201,75.0,31757,107.0,932897,101.0,8176,46.0,0,0,1,0,Tuesday,0
2023-10-25,4120011,72.0,1443766,64.0,237292,75.0,217420,75.0,32821,110.0,947018,102.0,8368,47.0,0,0,2,0,Wednesday,0
2023-10-26,4142420,72.0,1431016,63.0,242021,77.0,215171,74.0,32549,109.0,985290,106.0,8147,46.0,0,0,3,0,Thursday,0
2023-10-27,3853546,67.0,1348576,60.0,229895,73.0,203068,70.0,31164,105.0,1027312,111.0,6705,38.0,0,0,4,0,Friday,0
2023-10-28,2743759,82.0,874941,63.0,124172,109.0,139276,91.0,20126,114.0,1019478,108.0,2995,66.0,0,1,5,0,Saturday,0
2023-10-29,1834459,75.0,589929,59.0,86843,95.0,80705,77.0,18145,99.0,871500,103.0,1766,47.0,0,1,6,0,Sunday,0
2023-10-30,3623778,63.0,1314380,58.0,225140,72.0,197550,68.0,29075,98.0,893690,96.0,7287,41.0,0,0,0,0,Monday,0
2023-10-31,4016482,70.0,1334020,59.0,224816,72.0,203951,70.0,30712,103.0,873724,94.0,7789,44.0,0,0,1,0,Tuesday,0
2023-11-01,4043524,72.0,1369637,63.0,226067,69.0,208249,73.0,32374,104.0,927384,98.0,8010,47.0,0,0,2,0,Wednesday,0
2023-11-02,4082807,72.0,1380510,63.0,231370,70.0,206350,72.0,32242,103.0,953269,101.0,7997,47.0,0,0,3,0,Thursday,0
2023-11-03,3808235,68.0,1307247,60.0,218703,67.0,193580,68.0,31816,102.0,980512,104.0,6755,40.0,0,0,4,0,Friday,0
2023-11-04,2588115,82.0,832986,63.0,122433,106.0,123922,82.0,19920,118.0,945189,104.0,2582,74.0,0,1,5,0,Saturday,0
2023-11-05,2310457,92.0,614666,62.0,109258,116.0,109891,106.0,16889,90.0,791269,96.0,3407,111.0,0,1,6,0,Sunday,0
2023-11-06,3686141,65.0,1349481,62.0,225898,69.0,198934,70.0,30167,97.0,923453,98.0,7474,44.0,0,0,0,0,Monday,0
2023-11-07,3655078,65.0,1270763,58.0,238656,73.0,215344,75.0,30843,99.0,891546,94.0,6785,40.0,0,0,1,0,Tuesday,0
2023-11-08,4066029,72.0,1401268,64.0,238727,73.0,213738,75.0,33515,107.0,937630,99.0,8306,49.0,0,0,2,0,Wednesday,0
2023-11-09,4020939,71.0,1376822,63.0,235844,72.0,210130,73.0,32982,106.0,980310,104.0,7929,47.0,0,0,3,0,Thursday,0
2023-11-10,3611367,143.0,1250528,126.0,224512,237.0,200669,193.0,25506,135.0,974996,118.0,5596,182.0,0,0,4,1,Friday,0
2023-11-11,2588540,82.0,817146,62.0,122170,106.0,118398,78.0,18654,110.0,939492,103.0,2712,78.0,0,1,5,1,Saturday,0
2023-11-12,1947270,77.0,642431,64.0,99171,105.0,91623,88.0,19187,102.0,891716,108.0,1958,64.0,0,1,6,0,Sunday,0
2023-11-13,3597029,64.0,1320693,60.0,225204,69.0,194691,68.0,30479,98.0,907109,96.0,7353,43.0,0,0,0,0,Monday,0
2023-11-14,3991767,71.0,1382768,63.0,235487,72.0,214218,75.0,33027,106.0,921728,98.0,8271,49.0,0,0,1,0,Tuesday,0
2023-11-15,4036442,72.0,1389217,63.0,235718,72.0,214486,75.0,34166,109.0,941983,100.0,8322,49.0,0,0,2,0,Wednesday,0
2023-11-16,4048862,72.0,1391273,64.0,235070,72.0,207671,73.0,34102,109.0,978274,104.0,8010,47.0,0,0,3,0,Thursday,0
2023-11-17,3741391,66.0,1303240,60.0,227909,69.0,201231,70.0,31496,101.0,999520,106.0,6792,40.0,0,0,4,0,Friday,0
2023-11-18,2477547,78.0,831053,63.0,124053,108.0,120273,80.0,19452,115.0,946515,104.0,2630,76.0,0,1,5,0,Saturday,0
2023-11-19,1943926,77.0,657965,66.0,100792,107.0,100924,97.0,19835,105.0,867625,105.0,2058,67.0,0,1,6,0,Sunday,0
2023-11-20,3647283,65.0,1300978,59.0,228502,70.0,203599,71.0,30889,99.0,925548,98.0,7426,44.0,0,0,0,0,Monday,0
2023-11-21,3774952,67.0,1254277,57.0,236079,72.0,213162,74.0,32139,103.0,977248,104.0,7467,44.0,0,0,1,0,Tuesday,0
2023-11-22,3378351,60.0,1160847,53.0,254968,78.0,220030,77.0,28409,91.0,985528,104.0,6524,38.0,0,0,2,0,Wednesday,0
2023-11-23,1628385,65.0,471662,47.0,116969,124.0,107690,103.0,21741,115.0,898291,109.0,2257,74.0,0,0,3,1,Thursday,0
2023-11-24,2457591,97.0,807221,81.0,215833,228.0,197178,189.0,15381,82.0,818916,99.0,3718,121.0,0,0,4,0,Friday,0
2023-11-25,2123590,67.0,696466,53.0,124716,108.0,117682,78.0,14245,84.0,866561,95.0,2454,71.0,0,1,5,0,Saturday,0
2023-11-26,1686490,67.0,566395,57.0,101486,107.0,95729,92.0,16900,90.0,864505,105.0,1834,60.0,0,1,6,0,Sunday,0
2023-11-27,3523494,63.0,1253990,57.0,228127,69.0,200017,70.0,29418,94.0,921303,98.0,7294,43.0,0,0,0,0,Monday,0
2023-11-28,3916476,69.0,1279327,58.0,234794,72.0,216450,76.0,31716,102.0,914381,97.0,7835,46.0,0,0,1,0,Tuesday,0
2023-11-29,4032882,72.0,1268990,58.0,234738,71.0,212929,74.0,32809,105.0,915384,97.0,7851,46.0,0,0,2,0,Wednesday,0
2023-11-30,4072271,72.0,1340370,61.0,236142,72.0,210592,74.0,32650,105.0,945909,100.0,7737,45.0,0,0,3,0,Thursday,0
2023-12-01,3723171,70.0,1226677,61.0,185151,59.0,164628,59.0,31284,107.0,947287,107.0,6432,41.0,0,0,4,0,Friday,0
2023-12-02,2748170,83.0,826725,65.0,126374,99.0,125483,80.0,19675,114.0,903346,102.0,2618,53.0,0,1,5,0,Saturday,0
2023-12-03,1827959,72.0,553618,57.0,87340,82.0,76999,72.0,18450,103.0,778118,98.0,1633,48.0,0,1,6,0,Sunday,0
2023-12-04,3709458,69.0,1312507,66.0,223257,71.0,201080,72.0,30841,106.0,900224,102.0,7559,48.0,0,0,0,0,Monday,0
2023-12-05,3991835,75.0,1346216,67.0,243329,77.0,224065,80.0,33235,114.0,914419,103.0,7964,51.0,0,0,1,0,Tuesday,0
2023-12-06,4116059,77.0,1350594,67.0,230920,73.0,211076,76.0,33502,115.0,936802,106.0,7951,51.0,0,0,2,0,Wednesday,0
2023-12-07,4088438,77.0,1314833,66.0,231114,73.0,204586,73.0,32511,112.0,960536,108.0,7424,48.0,0,0,3,0,Thursday,0
2023-12-08,3863961,72.0,1261796,63.0,225208,71.0,198539,71.0,31875,109.0,972091,110.0,6435,41.0,0,0,4,0,Friday,0
2023-12-09,2922085,88.0,828894,65.0,156237,122.0,147745,94.0,20580,119.0,944411,107.0,3181,64.0,0,1,5,0,Saturday,0
2023-12-10,1838048,72.0,539117,55.0,90884,85.0,82225,77.0,17542,98.0,779314,98.0,1648,49.0,0,1,6,0,Sunday,0
2023-12-11,3642743,68.0,1213923,61.0,219022,69.0,191110,69.0,29271,100.0,894318,101.0,6949,45.0,0,0,0,0,Monday,0
2023-12-12,4051574,76.0,1309303,65.0,236348,75.0,219393,79.0,33458,115.0,935591,106.0,7655,49.0,0,0,1,0,Tuesday,0
2023-12-13,4067457,76.0,1314167,66.0,238451,75.0,215546,77.0,34323,118.0,959767,108.0,7859,50.0,0,0,2,0,Wednesday,0
2023-12-14,4122091,77.0,1296909,65.0,236516,75.0,213415,77.0,33406,115.0,988876,112.0,7414,48.0,0,0,3,0,Thursday,0
2023-12-15,3845234,72.0,1246465,62.0,235800,75.0,208572,75.0,32517,112.0,1011336,114.0,6540,42.0,0,0,4,0,Friday,0
2023-12-16,2866544,86.0,814457,64.0,149340,117.0,149013,95.0,20483,119.0,972314,110.0,3085,62.0,0,1,5,0,Saturday,0
2023-12-17,1954707,77.0,569005,58.0,96415,90.0,88502,82.0,18445,103.0,809015,102.0,1787,53.0,0,1,6,0,Sunday,0
2023-12-18,3314782,62.0,1082334,54.0,201289,64.0,174850,63.0,28309,97.0,809201,91.0,5381,34.0,0,0,0,0,Monday,0
2023-12-19,3912934,73.0,1275002,64.0,244031,77.0,213625,77.0,32542,112.0,946648,107.0,7555,48.0,0,0,1,0,Tuesday,0
2023-12-20,3838407,72.0,1245547,62.0,236060,75.0,206420,74.0,33205,114.0,964384,109.0,7363,47.0,0,0,2,0,Wednesday,0
2023-12-21,3675448,69.0,1200899,60.0,229252,73.0,199411,71.0,31713,109.0,976632,110.0,6860,44.0,0,0,3,0,Thursday,0
2023-12-22,3372318,63.0,1110555,55.0,231036,73.0,206169,74.0,29324,101.0,979372,111.0,5878,38.0,0,0,4,0,Friday,0
2023-12-23,2244175,68.0,708808,56.0,139904,109.0,130053,83.0,17627,102.0,876791,99.0,2700,54.0,0,1,5,0,Saturday,0
2023-12-24,1657096,65.0,549448,56.0,92540,87.0,77874,72.0,20241,114.0,793031,100.0,1912,56.0,0,1,6,0,Sunday,0
2023-12-25,1273729,50.0,381879,39.0,80587,76.0,65350,61.0,14750,83.0,748318,94.0,1668,49.0,0,0,0,1,Monday,0
2023-12-26,2668642,50.0,906670,45.0,219149,69.0,192910,69.0,20706,71.0,867072,98.0,5158,33.0,0,0,1,0,Tuesday,0
2023-12-27,2912007,55.0,955890,48.0,220010,70.0,186541,67.0,25945,89.0,881140,99.0,5373,34.0,0,0,2,0,Wednesday,0
2023-12-28,3064841,57.0,969231,48.0,218546,69.0,193235,69.0,26462,91.0,887521,100.0,5395,35.0,0,0,3,0,Thursday,0
2023-12-29,3198885,60.0,1007697,50.0,237781,75.0,210361,75.0,26892,92.0,909062,103.0,5784,37.0,0,0,4,0,Friday,0
2023-12-30,2440211,74.0,720564,57.0,121688,95.0,121647,77.0,16983,99.0,833538,94.0,2780,56.0,0,1,5,0,Saturday,0
2023-12-31,1934651,76.0,548344,56.0,99817,94.0,89554,83.0,20005,112.0,671873,84.0,2029,60.0,0,1,6,0,Sunday,0
2024-01-01,1648734,79.0,455965,50.0,82811,100.0,73957,82.0,9165,68.0,730489,107.0,2018,74.0,0,0,0,1,Monday,0
2024-01-02,3290639,64.0,1091104,53.0,209680,69.0,184978,69.0,25961,92.0,829660,95.0,7107,43.0,0,0,1,0,Tuesday,0
2024-01-03,3555082,69.0,1212761,59.0,217373,72.0,194441,72.0,31304,111.0,856822,99.0,7565,46.0,0,0,2,0,Wednesday,0
2024-01-04,3560703,69.0,1242971,61.0,212217,70.0,190588,71.0,31233,110.0,867791,100.0,7450,45.0,0,0,3,0,Thursday,0
2024-01-05,3263064,63.0,1185046,58.0,199441,66.0,173362,64.0,30480,108.0,886766,102.0,5963,36.0,0,0,4,0,Friday,0
2024-01-06,1942458,72.0,684686,57.0,92741,95.0,82890,64.0,15850,109.0,721283,94.0,2070,50.0,0,1,5,0,Saturday,0
2024-01-07,1472438,70.0,502518,55.0,72971,88.0,57280,63.0,13723,102.0,566397,83.0,1533,56.0,0,1,6,0,Sunday,0
2024-01-08,3303727,64.0,1226783,60.0,208960,69.0,184150,68.0,28890,102.0,844853,97.0,7001,43.0,0,0,0,0,Monday,0
2024-01-09,3353192,65.0,1135694,55.0,213699,71.0,188888,70.0,30430,108.0,780334,90.0,6944,42.0,0,0,1,0,Tuesday,0
2024-01-10,3557166,69.0,1248493,61.0,217461,72.0,191221,71.0,31338,111.0,844710,97.0,7216,44.0,0,0,2,0,Wednesday,0
2024-01-11,3688916,72.0,1293940,63.0,229117,76.0,199799,74.0,32790,116.0,921166,106.0,7337,45.0,0,0,3,0,Thursday,0
2024-01-12,3365791,65.0,1228696,60.0,207670,69.0,182896,68.0,31096,110.0,930218,107.0,6286,38.0,0,0,4,0,Friday,0
2024-01-13,2167383,80.0,755670,63.0,101558,104.0,97439,75.0,17168,118.0,819900,107.0,2210,54.0,0,1,5,0,Saturday,0
2024-01-14,1743556,83.0,588809,64.0,85521,103.0,78197,86.0,18588,138.0,750002,110.0,1745,64.0,0,1,6,0,Sunday,0
2024-01-15,2169917,104.0,783032,85.0,91887,111.0,80498,89.0,16502,122.0,816628,120.0,3017,110.0,0,0,0,1,Monday,0
2024-01-16,3235935,63.0,1078860,53.0,205716,68.0,178389,66.0,29826,105.0,712714,82.0,5414,33.0,0,0,1,0,Tuesday,0
2024-01-17,3616923,70.0,1193111,58.0,217173,72.0,199986,74.0,32054,113.0,863242,99.0,6891,42.0,0,0,2,0,Wednesday,0
2024-01-18,3655850,71.0,1235693,60.0,217911,72.0,197257,73.0,32318,114.0,896766,103.0,7014,43.0,0,0,3,0,Thursday,0
2024-01-19,3176408,62.0,1109408,54.0,191999,64.0,171490,64.0,27175,96.0,793429,91.0,5330,33.0,0,0,4,0,Friday,0
2024-01-20,2024041,75.0,677335,57.0,96128,99.0,82817,64.0,15487,107.0,758923,99.0,1926,47.0,0,1,5,0,Saturday,0
2024-01-21,1576126,75.0,548497,60.0,78041,94.0,66955,74.0,17147,127.0,718777,105.0,1482,54.0,0,1,6,0,Sunday,0
2024-01-22,3305387,64.0,1210644,59.0,209302,69.0,185181,69.0,30092,106.0,841078,97.0,6558,40.0,0,0,0,0,Monday,0
2024-01-23,3652488,71.0,1264199,62.0,233311,77.0,205300,76.0,33111,117.0,864670,100.0,7194,44.0,0,0,1,0,Tuesday,0
2024-01-24,3666907,71.0,1247798,61.0,223928,74.0,201969,75.0,33082,117.0,867077,100.0,7027,43.0,0,0,2,0,Wednesday,0
2024-01-25,3681867,72.0,1256481,61.0,223766,74.0,199560,74.0,32517,115.0,890573,102.0,6845,42.0,0,0,3,0,Thursday,0
2024-01-26,3380816,66.0,1193175,58.0,213749,71.0,184511,69.0,31329,111.0,913609,105.0,5681,35.0,0,0,4,0,Friday,0
2024-01-27,2283244,84.0,801262,67.0,117555,121.0,102600,79.0,19099,132.0,853000,112.0,2409,59.0,0,1,5,0,Saturday,0
2024-01-28,1549077,74.0,535857,58.0,75177,91.0,66794,74.0,17473,129.0,712530,104.0,1455,53.0,0,1,6,0,Sunday,0
2024-01-29,3297571,64.0,1211703,59.0,214890,71.0,187702,70.0,29367,104.0,838882,97.0,6755,41.0,0,0,0,0,Monday,0
2024-01-30,3717520,72.0,1284597,63.0,230931,76.0,207896,77.0,32782,116.0,868230,100.0,7744,47.0,0,0,1,0,Tuesday,0
2024-01-31,3808584,74.0,1325692,65.0,228148,76.0,204353,76.0,33417,118.0,882805,102.0,7651,47.0,0,0,2,0,Wednesday,0
2024-02-01,3814682,70.0,1337508,62.0,214275,71.0,189621,70.0,33540,114.0,911954,103.0,7465,46.0,0,0,3,0,Thursday,0
2024-02-02,3457807,64.0,1239617,58.0,200395,66.0,174044,65.0,32175,109.0,917639,104.0,6207,38.0,0,0,4,0,Friday,0
2024-02-03,2324038,81.0,808103,64.0,113576,121.0,102310,78.0,20070,123.0,845878,102.0,2357,55.0,0,1,5,0,Saturday,0
2024-02-04,1742107,79.0,626299,64.0,86327,110.0,77083,85.0,20480,122.0,790429,105.0,1746,62.0,0,1,6,0,Sunday,0
2024-02-05,3481777,64.0,1297578,60.0,218879,72.0,190181,71.0,31372,107.0,855224,97.0,7053,44.0,0,0,0,0,Monday,0
2024-02-06,3857533,71.0,1346868,63.0,233524,77.0,208252,77.0,33618,114.0,880296,100.0,7709,48.0,0,0,1,0,Tuesday,0
2024-02-07,3900992,72.0,1341486,62.0,229426,76.0,202871,75.0,34799,118.0,896482,101.0,7655,47.0,0,0,2,0,Wednesday,0
2024-02-08,3903673,72.0,1350925,63.0,232069,77.0,198010,74.0,34386,117.0,937494,106.0,7442,46.0,0,0,3,0,Thursday,0
2024-02-09,3547321,65.0,1268268,59.0,218909,72.0,185475,69.0,32233,110.0,953705,108.0,6121,38.0,0,0,4,0,Friday,0
2024-02-10,2385448,83.0,795892,63.0,118074,126.0,99942,76.0,20462,126.0,876746,105.0,2596,61.0,0,1,5,0,Saturday,0
2024-02-11,1774698,81.0,628400,64.0,83832,107.0,73614,81.0,20610,122.0,759996,101.0,1769,63.0,0,1,6,0,Sunday,0
2024-02-12,3374596,62.0,1254403,58.0,212628,70.0,185118,69.0,30323,103.0,888941,101.0,6132,38.0,0,0,0,0,Monday,0
2024-02-13,2273584,42.0,724893,34.0,166803,55.0,134355,50.0,23271,79.0,480178,54.0,3641,23.0,0,0,1,0,Tuesday,0
2024-02-14,3963628,73.0,1282121,60.0,230505,76.0,201686,75.0,32796,111.0,909016,103.0,7645,47.0,0,0,2,0,Wednesday,0
2024-02-15,3874860,71.0,1305830,61.0,228885,76.0,202704,75.0,33402,114.0,948001,107.0,7500,46.0,0,0,3,0,Thursday,0
2024-02-16,3504536,65.0,1225865,57.0,210552,70.0,186547,69.0,32442,110.0,962249,109.0,6269,39.0,0,0,4,0,Friday,0
2024-02-17,2178047,76.0,680638,54.0,95271,102.0,92423,71.0,17545,108.0,769698,93.0,2038,48.0,0,1,5,0,Saturday,0
2024-02-18,1850840,84.0,604537,62.0,89877,115.0,81659,90.0,18975,113.0,794483,105.0,1720,61.0,0,1,6,0,Sunday,0
2024-02-19,2244741,102.0,842548,86.0,96569,124.0,85973,94.0,17585,104.0,814165,108.0,3007,107.0,0,0,0,1,Monday,0
2024-02-20,3490990,64.0,1201850,56.0,233827,77.0,207099,77.0,32208,109.0,895208,101.0,7023,43.0,0,0,1,0,Tuesday,0
2024-02-21,3591484,66.0,1222440,57.0,230058,76.0,201074,75.0,33590,114.0,892324,101.0,7112,44.0,0,0,2,0,Wednesday,0
2024-02-22,3588173,66.0,1212903,56.0,225465,74.0,195315,73.0,32702,111.0,924554,105.0,6674,41.0,0,0,3,0,Thursday,0
2024-02-23,3219121,59.0,1126271,52.0,208527,69.0,182348,68.0,30262,103.0,916874,104.0,5479,34.0,0,0,4,0,Friday,0
2024-02-24,2308808,80.0,788962,62.0,114816,123.0,98942,76.0,19456,120.0,866204,104.0,2407,56.0,0,1,5,0,Saturday,0
2024-02-25,1740477,79.0,608010,62.0,88104,113.0,78248,86.0,19822,118.0,822624,109.0,1800,64.0,0,1,6,0,Sunday,0
2024-02-26,3439079,63.0,1275320,59.0,217914,72.0,187542,70.0,30867,105.0,873604,99.0,6969,43.0,0,0,0,0,Monday,0
2024-02-27,3802458,70.0,1332209,62.0,233207,77.0,208042,77.0,33571,114.0,893537,101.0,7659,47.0,0,0,1,0,Tuesday,0
2024-02-28,3784177,70.0,1290829,60.0,228110,75.0,199671,74.0,33664,114.0,889784,101.0,7428,46.0,0,0,2,0,Wednesday,0
2024-02-29,3905888,72.0,1334777,62.0,232010,77.0,204828,76.0,33637,114.0,957616,108.0,7295,45.0,0,0,3,0,Thursday,0
2024-03-01,3573658,64.0,1276428,57.0,181633,58.0,157348,57.0,33416,112.0,968878,105.0,6220,39.0,0,0,4,0,Friday,0
2024-03-02,2094029,68.0,689029,52.0,98266,91.0,85586,63.0,19380,114.0,823629,95.0,2084,41.0,0,1,5,0,Saturday,0
2024-03-03,1961510,86.0,686787,69.0,93906,108.0,85095,90.0,21351,121.0,857039,106.0,1981,63.0,0,1,6,0,Sunday,0
2024-03-04,3539671,64.0,1319592,59.0,219565,70.0,188845,68.0,32231,108.0,887009,96.0,7229,45.0,0,0,0,0,Monday,0
2024-03-05,3819514,69.0,1263377,56.0,236999,76.0,204515,74.0,34277,115.0,868487,94.0,7344,46.0,0,0,1,0,Tuesday,0
2024-03-06,3865589,69.0,1273337,57.0,225080,72.0,198040,72.0,35207,118.0,890058,97.0,7555,47.0,0,0,2,0,Wednesday,0
2024-03-07,3893731,70.0,1334827,60.0,226926,72.0,197659,72.0,34235,115.0,941815,102.0,7414,46.0,0,0,3,0,Thursday,0
2024-03-08,3685219,66.0,1291469,58.0,226372,72.0,192899,70.0,34613,116.0,987695,107.0,6588,41.0,0,0,4,0,Friday,0
2024-03-09,2128635,69.0,747405,56.0,113368,105.0,97183,72.0,19661,116.0,857351,98.0,2174,43.0,0,1,5,0,Saturday,0
2024-03-10,1803578,79.0,630566,63.0,90567,104.0,77768,82.0,20080,114.0,818114,101.0,1750,56.0,0,1,6,0,Sunday,0
2024-03-11,3497588,63.0,1270081,57.0,218755,70.0,188108,68.0,31600,106.0,869087,94.0,6854,43.0,0,0,0,0,Monday,0
2024-03-12,3988438,72.0,1370319,61.0,239002,76.0,213584,77.0,34978,118.0,911441,99.0,7820,49.0,0,0,1,0,Tuesday,0
2024-03-13,4024943,72.0,1377062,61.0,237603,76.0,212582,77.0,36469,123.0,937527,102.0,8100,51.0,0,0,2,0,Wednesday,0
2024-03-14,4049186,73.0,1368263,61.0,240124,77.0,211962,77.0,36111,121.0,970105,105.0,7658,48.0,0,0,3,0,Thursday,0
2024-03-15,3643013,65.0,1275542,57.0,227481,73.0,199285,72.0,33266,112.0,986807,107.0,6558,41.0,0,0,4,0,Friday,0
2024-03-16,2553056,83.0,838318,63.0,138156,128.0,129667,96.0,20796,123.0,924262,106.0,3108,61.0,0,1,5,0,Saturday,0
2024-03-17,1972170,86.0,625861,63.0,103993,120.0,86964,92.0,20237,115.0,862748,107.0,2078,66.0,0,1,6,0,Sunday,0
2024-03-18,3482565,63.0,1296423,58.0,221451,71.0,190770,69.0,31905,107.0,895292,97.0,7072,44.0,0,0,0,0,Monday,0
2024-03-19,3869116,69.0,1336910,60.0,242771,77.0,210028,76.0,34899,117.0,909501,99.0,7795,49.0,0,0,1,0,Tuesday,0
2024-03-20,3886104,70.0,1334002,60.0,234446,75.0,206030,75.0,35998,121.0,927404,101.0,7700,48.0,0,0,2,0,Wednesday,0
2024-03-21,3862248,69.0,1317112,59.0,228782,73.0,200037,73.0,35097,118.0,947309,103.0,7292,46.0,0,0,3,0,Thursday,0
2024-03-22,3581959,64.0,1251225,56.0,225175,72.0,187489,68.0,33549,113.0,975518,106.0,6299,39.0,0,0,4,0,Friday,0
2024-03-23,1863863,61.0,587004,44.0,95770,89.0,77331,57.0,17633,104.0,733638,84.0,1766,35.0,0,1,5,0,Saturday,0
2024-03-24,1912946,83.0,653413,66.0,95973,111.0,80451,85.0,22334,127.0,861573,107.0,1890,60.0,0,1,6,0,Sunday,0
2024-03-25,3583716,64.0,1281676,57.0,224068,71.0,192720,70.0,31947,107.0,902281,98.0,7032,44.0,0,0,0,0,Monday,0
2024-03-26,3969793,71.0,1355991,60.0,239790,77.0,211566,77.0,34874,117.0,914666,99.0,7754,49.0,0,0,1,0,Tuesday,0
2024-03-27,4014011,72.0,1342695,60.0,241268,77.0,207744,75.0,35627,120.0,943920,102.0,7628,48.0,0,0,2,0,Wednesday,0
2024-03-28,3910547,70.0,1223847,55.0,239840,77.0,200583,73.0,34416,116.0,954143,104.0,6780,42.0,0,0,3,0,Thursday,0
2024-03-29,3372535,61.0,1096254,49.0,241583,77.0,198343,72.0,30293,102.0,966343,105.0,5092,32.0,0,0,4,0,Friday,0
2024-03-30,2526569,82.0,801723,60.0,135355,125.0,111061,82.0,19891,117.0,906427,104.0,2748,54.0,0,1,5,0,Saturday,0
2024-03-31,1936295,84.0,606411,61.0,121273,140.0,98458,104.0,23316,132.0,933446,116.0,2096,67.0,0,1,6,0,Sunday,0
2024-04-01,3321989,60.0,1168598,53.0,208291,67.0,180107,63.0,30083,104.0,917643,98.0,6053,37.0,0,0,0,0,Monday,0
2024-04-02,3900061,70.0,1247638,57.0,234615,76.0,206753,72.0,34415,119.0,889922,95.0,7289,45.0,0,0,1,0,Tuesday,0
2024-04-03,3890305,70.0,1162660,53.0,222764,72.0,195001,68.0,34971,121.0,851814,91.0,6815,42.0,0,0,2,0,Wednesday,0
2024-04-04,4100733,74.0,1339531,61.0,232730,75.0,201745,70.0,34712,120.0,957042,102.0,7180,44.0,0,0,3,0,Thursday,0
2024-04-05,3800800,68.0,1263607,58.0,225107,73.0,202580,71.0,34503,119.0,981699,104.0,6309,39.0,0,0,4,0,Friday,0
2024-04-06,2477127,78.0,822825,62.0,128106,112.0,117095,79.0,21444,129.0,928096,102.0,2555,50.0,0,1,5,0,Saturday,0
2024-04-07,1899641,78.0,651153,66.0,101624,111.0,94103,91.0,21759,117.0,875089,101.0,2033,62.0,0,1,6,0,Sunday,0
2024-04-08,3506719,63.0,1258402,58.0,220359,71.0,194106,68.0,31777,110.0,879783,93.0,6873,42.0,0,0,0,0,Monday,0
2024-04-09,4042674,72.0,1366571,63.0,251964,81.0,228390,80.0,36151,125.0,965630,103.0,7937,49.0,0,0,1,0,Tuesday,0
2024-04-10,3791945,68.0,1245909,57.0,235585,76.0,216591,75.0,35534,123.0,946464,101.0,7115,44.0,0,0,2,0,Wednesday,0
2024-04-11,4000485,72.0,1315916,60.0,241215,78.0,205013,71.0,35354,122.0,963140,102.0,7326,45.0,0,0,3,0,Thursday,0
2024-04-12,3668439,66.0,1240823,57.0,225168,73.0,191755,67.0,33701,116.0,979494,104.0,6265,39.0,0,0,4,0,Friday,0
2024-04-13,2535112,80.0,824356,62.0,120351,105.0,110542,74.0,21606,130.0,930759,102.0,2609,51.0,0,1,5,0,Saturday,0
2024-04-14,2068885,85.0,664358,67.0,103711,113.0,93633,91.0,21766,117.0,897470,104.0,2145,66.0,0,1,6,0,Sunday,0
2024-04-15,3704177,66.0,1319005,60.0,233386,75.0,203835,71.0,32975,114.0,933433,99.0,7374,45.0,0,0,0,0,Monday,0
2024-04-16,4033514,72.0,1370151,63.0,243835,79.0,220030,77.0,35869,124.0,941739,100.0,8017,49.0,0,0,1,0,Tuesday,0
2024-04-17,4021256,72.0,1347870,62.0,243323,78.0,214829,75.0,35970,124.0,942089,100.0,7805,48.0,0,0,2,0,Wednesday,0
2024-04-18,3966226,71.0,1303010,60.0,230634,74.0,203859,71.0,34816,120.0,955479,102.0,7271,45.0,0,0,3,0,Thursday,0
2024-04-19,3705782,66.0,1278086,58.0,223518,72.0,205809,72.0,33749,117.0,1000275,106.0,6252,39.0,0,0,4,0,Friday,0
2024-04-20,2537525,80.0,830016,62.0,125999,110.0,123804,83.0,21228,127.0,949195,104.0,2793,55.0,0,1,5,0,Saturday,0
2024-04-21,1918237,79.0,651681,66.0,101817,111.0,98834,96.0,20807,111.0,873632,101.0,2017,62.0,0,1,6,0,Sunday,0
2024-04-22,3219677,58.0,1146285,52.0,229680,74.0,206229,72.0,29919,103.0,902943,96.0,6171,38.0,0,0,0,0,Monday,0
2024-04-23,3522218,63.0,1176798,54.0,238274,77.0,221191,77.0,31727,110.0,869972,92.0,7063,44.0,0,0,1,0,Tuesday,0
2024-04-24,3608010,65.0,1180243,54.0,233010,75.0,215927,75.0,32658,113.0,880348,94.0,6847,42.0,0,0,2,0,Wednesday,0
2024-04-25,3723894,67.0,1191480,55.0,242243,78.0,217219,76.0,32999,114.0,962228,102.0,6820,42.0,0,0,3,0,Thursday,0
2024-04-26,3431590,62.0,1143792,52.0,229885,74.0,198590,69.0,31859,110.0,955900,102.0,5647,35.0,0,0,4,0,Friday,0
2024-04-27,2506779,79.0,801494,60.0,123192,108.0,109447,73.0,20591,123.0,911900,100.0,2479,48.0,0,1,5,0,Saturday,0
2024-04-28,2084950,86.0,649572,65.0,100214,109.0,91619,89.0,21057,113.0,881076,102.0,1965,60.0,0,1,6,0,Sunday,0
2024-04-29,3323706,60.0,1161990,53.0,225362,73.0,201385,70.0,30504,105.0,866723,92.0,6385,39.0,0,0,0,0,Monday,0
2024-04-30,3638986,65.0,1193514,55.0,240862,78.0,218592,76.0,32717,113.0,872347,93.0,6886,42.0,0,0,1,0,Tuesday,0
2024-05-01,4032791,71.0,1350660,59.0,230682,72.0,205030,72.0,35701,121.0,954842,99.0,7757,45.0,0,0,2,0,Wednesday,0
2024-05-02,4061242,71.0,1349838,59.0,235003,74.0,210951,74.0,36244,123.0,980830,102.0,7475,43.0,0,0,3,0,Thursday,0
2024-05-03,3780888,66.0,1285012,56.0,226880,71.0,204190,71.0,34860,119.0,1004571,104.0,6516,37.0,0,0,4,0,Friday,0
2024-05-04,2563658,80.0,849249,61.0,123516,104.0,122719,81.0,22523,130.0,951334,99.0,2769,57.0,0,1,5,0,Saturday,0
2024-05-05,1889174,79.0,578132,60.0,99491,102.0,87988,85.0,20709,122.0,819681,96.0,2571,73.0,0,1,6,0,Sunday,0
2024-05-06,3652105,64.0,1295794,57.0,229643,72.0,200506,70.0,33424,114.0,930298,97.0,6869,39.0,0,0,0,0,Monday,0
2024-05-07,4098321,72.0,1375535,60.0,250953,79.0,227303,79.0,36309,123.0,954763,99.0,7966,46.0,0,0,1,0,Tuesday,0
2024-05-08,4087477,71.0,1350511,59.0,244202,76.0,221059,77.0,36981,126.0,969162,101.0,7623,44.0,0,0,2,0,Wednesday,0
2024-05-09,4086528,71.0,1354139,60.0,247959,78.0,218370,76.0,35927,122.0,999321,104.0,7344,42.0,0,0,3,0,Thursday,0
2024-05-10,3677268,64.0,1212090,53.0,228020,71.0,195091,68.0,34539,117.0,1001911,104.0,5894,34.0,0,0,4,0,Friday,0
2024-05-11,2648580,83.0,845713,61.0,134051,113.0,117308,78.0,22810,132.0,1004157,105.0,3078,63.0,0,1,5,0,Saturday,0
2024-05-12,1858872,78.0,559614,58.0,114118,117.0,98717,95.0,24531,144.0,930720,109.0,1755,50.0,0,1,6,0,Sunday,0
2024-05-13,3703066,65.0,1264180,56.0,244216,76.0,209794,73.0,31980,109.0,953646,99.0,7137,41.0,0,0,0,0,Monday,0
2024-05-14,4116655,72.0,1343633,59.0,260745,82.0,226656,79.0,35800,122.0,964136,100.0,7698,44.0,0,0,1,0,Tuesday,0
2024-05-15,4114615,72.0,1288427,57.0,248434,78.0,219840,77.0,36951,126.0,942648,98.0,7856,45.0,0,0,2,0,Wednesday,0
2024-05-16,4105026,72.0,1306481,57.0,243988,76.0,215601,75.0,35940,122.0,985179,102.0,7590,44.0,0,0,3,0,Thursday,0
2024-05-17,3816914,67.0,1270674,56.0,241980,76.0,215838,75.0,34945,119.0,1023765,106.0,6569,38.0,0,0,4,0,Friday,0
2024-05-18,2691368,84.0,792454,57.0,131709,111.0,130279,86.0,21562,125.0,969098,101.0,2855,59.0,0,1,5,0,Saturday,0
2024-05-19,2121485,89.0,657256,68.0,112130,115.0,106408,102.0,22305,131.0,939438,110.0,2228,63.0,0,1,6,0,Sunday,0
2024-05-20,3682061,64.0,1291703,57.0,236846,74.0,216450,76.0,32417,110.0,956799,99.0,7160,41.0,0,0,0,0,Monday,0
2024-05-21,4029557,70.0,1349876,59.0,252506,79.0,234587,82.0,35819,122.0,962058,100.0,7775,45.0,0,0,1,0,Tuesday,0
2024-05-22,4104021,72.0,1357841,60.0,258544,81.0,233098,81.0,36940,126.0,975096,101.0,8086,46.0,0,0,2,0,Wednesday,0
2024-05-23,3863099,68.0,1275297,56.0,250848,79.0,215083,75.0,34785,118.0,1011195,105.0,7442,43.0,0,0,3,0,Thursday,0
2024-05-24,3583244,63.0,1243655,55.0,250907,79.0,209130,73.0,33663,114.0,1034556,107.0,6663,38.0,0,0,4,0,Friday,0
2024-05-25,2347159,73.0,805680,58.0,135961,115.0,120036,80.0,20733,120.0,924855,97.0,3031,62.0,0,1,5,0,Saturday,0
2024-05-26,2019012,84.0,652393,68.0,120709,124.0,101017,97.0,22762,134.0,905197,106.0,2710,77.0,0,1,6,0,Sunday,0
2024-05-27,1667890,70.0,594031,62.0,99975,103.0,81042,78.0,12673,75.0,742353,87.0,2123,60.0,0,0,0,1,Monday,0
2024-05-28,3825781,67.0,1300611,57.0,257078,80.0,227311,79.0,34485,117.0,967869,101.0,7609,44.0,0,0,1,0,Tuesday,0
2024-05-29,4006764,70.0,1309889,58.0,254749,80.0,227379,79.0,36435,124.0,943930,98.0,8090,46.0,0,0,2,0,Wednesday,0
2024-05-30,3979959,70.0,1301028,57.0,253843,79.0,219887,77.0,35372,120.0,997110,104.0,7550,43.0,0,0,3,0,Thursday,0
2024-05-31,3688627,65.0,1257526,55.0,245017,77.0,211027,74.0,35020,119.0,1020563,106.0,6644,38.0,0,0,4,0,Friday,0
2024-06-01,2446153,76.0,848601,61.0,128555,105.0,110948,70.0,22726,131.0,999068,102.0,2980,59.0,0,1,5,0,Saturday,0
2024-06-02,1978037,76.0,651637,60.0,114504,116.0,92567,85.0,22640,125.0,940743,102.0,2339,60.0,0,1,6,0,Sunday,0
2024-06-03,3611491,64.0,1294956,60.0,225413,68.0,197640,67.0,33679,115.0,946610,96.0,7168,44.0,0,0,0,0,Monday,0
2024-06-04,3979793,71.0,1327963,62.0,255090,77.0,233237,79.0,36865,126.0,957990,97.0,7800,48.0,0,0,1,0,Tuesday,0
2024-06-05,4051943,72.0,1338427,62.0,264512,80.0,230173,78.0,37800,129.0,985722,100.0,7942,49.0,0,0,2,0,Wednesday,0
2024-06-06,3774324,67.0,1207899,56.0,245631,74.0,219447,74.0,35234,120.0,978812,100.0,7059,44.0,0,0,3,0,Thursday,0
2024-06-07,3752412,67.0,1254339,58.0,252098,76.0,214062,72.0,35464,121.0,1035803,105.0,6393,39.0,0,0,4,0,Friday,0
2024-06-08,2673220,83.0,842779,60.0,159020,129.0,135138,85.0,23371,135.0,998451,102.0,3150,62.0,0,1,5,0,Saturday,0
2024-06-09,2134551,82.0,680981,63.0,132945,135.0,107497,99.0,22435,124.0,962131,104.0,2492,64.0,0,1,6,0,Sunday,0
2024-06-10,3702212,66.0,1355986,63.0,240121,72.0,211542,72.0,32970,113.0,959576,98.0,7701,47.0,0,0,0,0,Monday,0
2024-06-11,3995425,71.0,1390440,65.0,259101,78.0,230796,78.0,36206,124.0,951147,97.0,8500,52.0,0,0,1,0,Tuesday,0
2024-06-12,3977760,71.0,1355294,63.0,256255,77.0,224305,76.0,36693,125.0,928453,94.0,8138,50.0,0,0,2,0,Wednesday,0
2024-06-13,3936941,70.0,1310210,61.0,254575,77.0,221855,75.0,35363,121.0,964740,98.0,7675,47.0,0,0,3,0,Thursday,0
2024-06-14,3517062,63.0,1212740,56.0,247019,74.0,204586,69.0,34757,119.0,1011986,103.0,5973,37.0,0,0,4,0,Friday,0
2024-06-15,2431810,75.0,851502,61.0,142102,116.0,122409,77.0,23580,136.0,1022686,104.0,3104,61.0,0,1,5,0,Saturday,0
2024-06-16,1897201,72.0,653946,60.0,130133,132.0,109303,100.0,24200,134.0,997278,108.0,2245,58.0,0,1,6,0,Sunday,0
2024-06-17,3325104,59.0,1172762,55.0,242993,73.0,215241,73.0,31993,109.0,956532,97.0,6466,40.0,0,0,0,0,Monday,0
2024-06-18,3920839,70.0,1314338,61.0,260538,78.0,242116,82.0,36105,123.0,988738,101.0,7713,48.0,0,0,1,0,Tuesday,0
2024-06-19,3046320,116.0,1068172,98.0,232540,236.0,206582,189.0,26431,146.0,969020,105.0,4527,116.0,0,0,2,1,Wednesday,0
2024-06-20,3857797,69.0,1275626,59.0,255683,77.0,227113,77.0,36445,124.0,1020534,104.0,7217,45.0,0,0,3,0,Thursday,0
2024-06-21,3500365,62.0,1191812,55.0,244215,73.0,211543,72.0,34695,118.0,1022507,104.0,6166,38.0,0,0,4,0,Friday,0
2024-06-22,2385207,74.0,793674,57.0,133102,108.0,119962,76.0,21970,127.0,977336,99.0,2743,54.0,0,1,5,0,Saturday,0
2024-06-23,1908786,73.0,648887,60.0,118067,120.0,103892,95.0,21789,120.0,953693,103.0,2061,53.0,0,1,6,0,Sunday,0
2024-06-24,3467845,62.0,1227231,57.0,246269,74.0,213904,72.0,33300,114.0,975173,99.0,6820,42.0,0,0,0,0,Monday,0
2024-06-25,3831447,68.0,1269567,59.0,271783,82.0,232410,79.0,36669,125.0,1002164,102.0,7685,47.0,0,0,1,0,Tuesday,0
2024-06-26,3901100,70.0,1267408,59.0,264126,79.0,226518,77.0,36344,124.0,1020784,104.0,7314,45.0,0,0,2,0,Wednesday,0
2024-06-27,3776811,67.0,1214263,56.0,255215,77.0,227648,77.0,35155,120.0,1032517,105.0,7170,44.0,0,0,3,0,Thursday,0
2024-06-28,3522732,63.0,1141168,53.0,255739,77.0,211914,72.0,34111,116.0,1037403,106.0,6305,39.0,0,0,4,0,Friday,0
2024-06-29,2454997,76.0,780229,56.0,138769,113.0,119738,75.0,21904,126.0,977287,99.0,2948,58.0,0,1,5,0,Saturday,0
2024-06-30,2002269,76.0,583751,54.0,126526,128.0,108244,99.0,20851,115.0,885430,96.0,2268,58.0,0,1,6,0,Sunday,0
2024-07-01,3273546,62.0,1156904,56.0,216906,68.0,185943,66.0,32979,116.0,954908,99.0,6947,50.0,0,0,0,0,Monday,0
2024-07-02,3542073,67.0,1216755,59.0,234535,74.0,207844,73.0,35200,124.0,951968,99.0,7431,54.0,0,0,1,0,Tuesday,0
2024-07-03,3409357,65.0,1198766,58.0,237577,75.0,205176,72.0,36949,130.0,1003052,104.0,6758,49.0,0,0,2,0,Wednesday,0
2024-07-04,1992244,85.0,643119,59.0,117030,112.0,101274,95.0,17646,107.0,752680,85.0,2939,82.0,0,0,3,1,Thursday,0
2024-07-05,2700734,51.0,1001854,48.0,207314,65.0,183222,65.0,28776,102.0,854313,89.0,4563,33.0,0,0,4,0,Friday,0
2024-07-06,2100877,74.0,758425,56.0,119417,94.0,110386,71.0,19730,124.0,857713,93.0,2688,53.0,0,1,5,0,Saturday,0
2024-07-07,1804572,77.0,642652,59.0,120316,115.0,105041,99.0,22640,137.0,909616,103.0,2167,61.0,0,1,6,0,Sunday,0
2024-07-08,3228784,61.0,1176713,57.0,226613,72.0,199454,70.0,33105,117.0,945690,98.0,6499,47.0,0,0,0,0,Monday,0
2024-07-09,3605032,68.0,1236657,60.0,249970,79.0,219843,78.0,35500,125.0,927603,96.0,7176,52.0,0,0,1,0,Tuesday,0
2024-07-10,3691835,70.0,1252733,60.0,249781,79.0,210993,75.0,37417,132.0,957143,100.0,7393,54.0,0,0,2,0,Wednesday,0
2024-07-11,3688029,70.0,1233678,60.0,246250,78.0,209174,74.0,35691,126.0,993245,103.0,6914,50.0,0,0,3,0,Thursday,0
2024-07-12,3261074,62.0,1120310,54.0,231084,73.0,191828,68.0,34090,120.0,979245,102.0,5586,41.0,0,0,4,0,Friday,0
2024-07-13,2203283,78.0,743154,55.0,123988,97.0,107166,69.0,20949,132.0,912958,99.0,2700,53.0,0,1,5,0,Saturday,0
2024-07-14,1869670,80.0,633752,58.0,119283,114.0,97038,91.0,22682,137.0,947148,107.0,2160,60.0,0,1,6,0,Sunday,0
2024-07-15,3259800,62.0,1160722,56.0,233209,74.0,202008,71.0,32763,116.0,950682,99.0,6398,46.0,0,0,0,0,Monday,0
2024-07-16,3594150,68.0,1209152,58.0,249559,79.0,220620,78.0,35468,125.0,943841,98.0,6828,50.0,0,0,1,0,Tuesday,0
2024-07-17,3651756,69.0,1210515,58.0,248424,78.0,214137,76.0,36547,129.0,956017,99.0,6845,50.0,0,0,2,0,Wednesday,0
2024-07-18,3637826,69.0,1218605,59.0,241785,76.0,211370,75.0,36119,127.0,1005727,105.0,7085,51.0,0,0,3,0,Thursday,0
2024-07-19,3372874,64.0,1207102,58.0,243438,77.0,206922,73.0,34718,122.0,1018050,106.0,6480,47.0,0,0,4,0,Friday,0
2024-07-20,2269647,80.0,803868,60.0,131910,103.0,125050,81.0,19961,126.0,980583,106.0,2688,53.0,0,1,5,0,Saturday,0
2024-07-21,1877704,80.0,659004,60.0,126169,120.0,111438,105.0,21664,131.0,962715,109.0,2080,58.0,0,1,6,0,Sunday,0
2024-07-22,3235343,61.0,1168226,56.0,231813,73.0,215087,76.0,32431,114.0,937858,98.0,6510,47.0,0,0,0,0,Monday,0
2024-07-23,3606656,68.0,1211237,58.0,247915,78.0,229841,81.0,35110,124.0,928295,97.0,7177,52.0,0,0,1,0,Tuesday,0
2024-07-24,3656472,69.0,1220410,59.0,249158,79.0,224862,79.0,36652,129.0,947798,99.0,7260,53.0,0,0,2,0,Wednesday,0
2024-07-25,3638351,69.0,1220056,59.0,255367,81.0,214281,76.0,35373,125.0,990676,103.0,6850,50.0,0,0,3,0,Thursday,0
2024-07-26,3288849,62.0,1154709,56.0,247475,78.0,201321,71.0,34431,121.0,1012046,105.0,5946,43.0,0,0,4,0,Friday,0
2024-07-27,2306948,82.0,809660,60.0,138344,108.0,125101,81.0,22582,142.0,982745,106.0,2991,59.0,0,1,5,0,Saturday,0
2024-07-28,1851383,79.0,645704,59.0,121226,116.0,99516,94.0,22027,133.0,943306,107.0,2214,62.0,0,1,6,0,Sunday,0
2024-07-29,3202281,61.0,1147023,55.0,233537,74.0,200999,71.0,32067,113.0,928486,97.0,6240,45.0,0,0,0,0,Monday,0
2024-07-30,3590241,68.0,1228387,59.0,251398,79.0,220120,78.0,34911,123.0,937334,98.0,7217,52.0,0,0,1,0,Tuesday,0
2024-07-31,3576343,68.0,1213507,59.0,248316,78.0,213562,75.0,35765,126.0,958860,100.0,7018,51.0,0,0,2,0,Wednesday,0
2024-08-01,3544663,69.0,1208275,60.0,229131,73.0,194439,71.0,35878,128.0,1008364,104.0,6902,52.0,0,0,3,0,Thursday,0
2024-08-02,3153955,61.0,1111340,55.0,215453,69.0,181008,66.0,34487,123.0,987721,102.0,5784,43.0,0,0,4,0,Friday,0
2024-08-03,2200373,75.0,741482,54.0,123922,93.0,109769,72.0,22133,133.0,938339,98.0,2852,61.0,0,1,5,0,Saturday,0
2024-08-04,1752861,74.0,588249,53.0,108959,105.0,92383,89.0,22186,123.0,885224,96.0,2099,58.0,0,1,6,0,Sunday,0
2024-08-05,3222601,63.0,1154644,57.0,234345,75.0,192078,70.0,33112,119.0,955722,98.0,6375,48.0,0,0,0,0,Monday,0
2024-08-06,3462581,67.0,1130325,56.0,234650,75.0,207212,76.0,35331,126.0,898384,92.0,6974,52.0,0,0,1,0,Tuesday,0
2024-08-07,3511253,68.0,1117450,55.0,239223,76.0,202867,74.0,36667,131.0,920296,95.0,6593,49.0,0,0,2,0,Wednesday,0
2024-08-08,3490217,68.0,1108956,55.0,230083,74.0,196259,72.0,35509,127.0,940729,97.0,6466,48.0,0,0,3,0,Thursday,0
2024-08-09,3041276,59.0,1039488,52.0,215973,69.0,170622,63.0,32193,115.0,907512,93.0,5202,39.0,0,0,4,0,Friday,0
2024-08-10,2356405,80.0,777613,57.0,133623,100.0,119101,79.0,22199,133.0,949079,99.0,3156,67.0,0,1,5,0,Saturday,0
2024-08-11,1918748,81.0,614435,56.0,121004,116.0,103975,100.0,22996,128.0,925152,101.0,2552,71.0,0,1,6,0,Sunday,0
2024-08-12,3169180,62.0,1106072,55.0,231099,74.0,191415,70.0,33127,119.0,925367,95.0,6337,47.0,0,0,0,0,Monday,0
2024-08-13,3491612,68.0,1158412,57.0,242459,78.0,205674,75.0,35503,127.0,907386,93.0,7002,52.0,0,0,1,0,Tuesday,0
2024-08-14,3544668,69.0,1182980,59.0,242186,77.0,202330,74.0,37606,135.0,961969,99.0,7028,53.0,0,0,2,0,Wednesday,0
2024-08-15,3495671,68.0,1182864,59.0,241573,77.0,196106,72.0,36343,130.0,961969,99.0,6528,49.0,0,0,3,0,Thursday,0
2024-08-16,3198733,62.0,1123673,56.0,235035,75.0,185953,68.0,34676,124.0,1004704,103.0,5596,42.0,0,0,4,0,Friday,0
2024-08-17,2256233,77.0,767022,56.0,135948,102.0,112928,74.0,22797,137.0,954849,100.0,2880,61.0,0,1,5,0,Saturday,0
2024-08-18,1713050,72.0,578595,52.0,106004,102.0,82177,79.0,20897,116.0,853807,93.0,1953,54.0,0,1,6,0,Sunday,0
2024-08-19,3076559,60.0,1090594,54.0,224656,72.0,183503,67.0,31668,113.0,931369,96.0,5870,44.0,0,0,0,0,Monday,0
2024-08-20,3475888,68.0,1164259,58.0,250304,80.0,211051,77.0,34985,125.0,952393,98.0,6877,51.0,0,0,1,0,Tuesday,0
2024-08-21,3498651,68.0,1159036,57.0,247076,79.0,204853,75.0,36401,130.0,958433,99.0,6910,52.0,0,0,2,0,Wednesday,0
2024-08-22,3427911,67.0,1140225,56.0,245912,79.0,199777,73.0,34997,125.0,985469,101.0,6458,48.0,0,0,3,0,Thursday,0
2024-08-23,3209666,62.0,1095768,54.0,235738,75.0,196218,72.0,33653,120.0,999865,103.0,5827,44.0,0,0,4,0,Friday,0
2024-08-24,2332624,79.0,776019,56.0,146684,110.0,119252,79.0,22523,135.0,975307,102.0,3025,64.0,0,1,5,0,Saturday,0
2024-08-25,1905818,80.0,629302,57.0,130885,126.0,101267,97.0,22347,124.0,946696,103.0,2309,64.0,0,1,6,0,Sunday,0
2024-08-26,3113498,61.0,1104199,55.0,244138,78.0,186630,68.0,31233,112.0,935864,96.0,5896,44.0,0,0,0,0,Monday,0
2024-08-27,3477101,68.0,1177841,58.0,261771,84.0,201834,74.0,34997,125.0,949649,98.0,6713,50.0,0,0,1,0,Tuesday,0
2024-08-28,3516674,68.0,1203770,60.0,257194,82.0,195873,72.0,36079,129.0,972274,100.0,6656,50.0,0,0,2,0,Wednesday,0
2024-08-29,3438760,67.0,1203629,60.0,261935,84.0,192714,71.0,35044,125.0,992852,102.0,6446,48.0,0,0,3,0,Thursday,0
2024-08-30,3152242,61.0,1132406,56.0,255954,82.0,195334,72.0,33968,122.0,1004458,103.0,5287,40.0,0,0,4,0,Friday,0
2024-08-31,2158004,73.0,771634,56.0,149890,112.0,119313,79.0,21518,129.0,923923,96.0,2471,52.0,0,1,5,0,Saturday,0
2024-09-01,1969350,77.0,658803,60.0,120499,121.0,95622,91.0,22880,133.0,896413,101.0,2149,73.0,0,1,6,0,Sunday,0
2024-09-02,2007446,79.0,629636,57.0,134118,135.0,95598,91.0,14939,87.0,854109,97.0,2571,88.0,0,0,0,1,Monday,0
2024-09-03,3629404,63.0,1323572,57.0,263763,81.0,220831,77.0,35977,121.0,959389,101.0,7337,43.0,0,0,1,0,Tuesday,0
2024-09-04,3868854,67.0,1372412,59.0,271660,83.0,225508,78.0,38623,130.0,935127,98.0,7588,44.0,0,0,2,0,Wednesday,0
2024-09-05,4033322,70.0,1434726,62.0,262639,80.0,220098,76.0,37475,126.0,966058,101.0,7475,44.0,0,0,3,0,Thursday,0
2024-09-06,3794952,66.0,1397369,60.0,258126,79.0,202757,70.0,36478,123.0,999365,105.0,6606,39.0,0,0,4,0,Friday,0
2024-09-07,2479639,77.0,841695,60.0,137291,116.0,105974,69.0,21477,125.0,912521,96.0,2874,69.0,0,1,5,0,Saturday,0
2024-09-08,2101048,83.0,724969,66.0,120584,122.0,98767,94.0,23760,138.0,914241,103.0,2280,78.0,0,1,6,0,Sunday,0
2024-09-09,3811344,66.0,1458059,63.0,247296,76.0,214384,74.0,35327,119.0,930561,98.0,7724,45.0,0,0,0,0,Monday,0
2024-09-10,4182405,72.0,1510358,65.0,263027,80.0,233290,81.0,38230,129.0,951227,100.0,8495,50.0,0,0,1,0,Tuesday,0
2024-09-11,4214707,73.0,1489570,64.0,263710,81.0,228252,79.0,39031,131.0,921770,97.0,9107,53.0,0,0,2,0,Wednesday,0
2024-09-12,4232214,73.0,1515496,65.0,263539,80.0,228985,79.0,38778,131.0,984868,103.0,8174,48.0,0,0,3,0,Thursday,0
2024-09-13,3911412,68.0,1442741,62.0,254945,78.0,219747,76.0,37297,126.0,1016290,107.0,6989,41.0,0,0,4,0,Friday,0
2024-09-14,2706474,84.0,913017,65.0,145099,123.0,136864,90.0,24473,143.0,1002908,105.0,3402,82.0,0,1,5,0,Saturday,0
2024-09-15,2161737,85.0,705080,64.0,128174,129.0,118303,113.0,24154,141.0,946517,107.0,2605,89.0,0,1,6,0,Sunday,0
2024-09-16,3821428,66.0,1473843,63.0,254618,78.0,215601,75.0,35319,119.0,934600,98.0,7734,45.0,0,0,0,0,Monday,0
2024-09-17,4189311,73.0,1536675,66.0,268678,82.0,232809,81.0,38667,130.0,945571,99.0,8503,50.0,0,0,1,0,Tuesday,0
2024-09-18,4232888,73.0,1539412,66.0,281624,86.0,229697,80.0,39300,132.0,963160,101.0,8603,50.0,0,0,2,0,Wednesday,0
2024-09-19,4255184,74.0,1547727,67.0,272725,83.0,226944,79.0,38515,130.0,997635,105.0,8367,49.0,0,0,3,0,Thursday,0
2024-09-20,3933048,68.0,1471585,63.0,270065,82.0,215673,75.0,36687,124.0,1019966,107.0,7029,41.0,0,0,4,0,Friday,0
2024-09-21,2744632,85.0,950423,68.0,160150,135.0,133469,87.0,23611,138.0,980137,103.0,3736,90.0,0,1,5,0,Saturday,0
2024-09-22,2131910,84.0,737715,67.0,131192,132.0,102752,98.0,23164,135.0,936446,106.0,2560,88.0,0,1,6,0,Sunday,0
2024-09-23,3898806,68.0,1457916,63.0,250701,77.0,218237,76.0,34543,116.0,922758,97.0,7994,47.0,0,0,0,0,Monday,0
2024-09-24,4323708,75.0,1500066,65.0,270524,83.0,240779,83.0,37488,126.0,927777,97.0,8938,52.0,0,0,1,0,Tuesday,0
2024-09-25,4335945,75.0,1487149,64.0,267471,82.0,236202,82.0,37829,127.0,935215,98.0,8904,52.0,0,0,2,0,Wednesday,0
2024-09-26,4295723,74.0,1467648,63.0,264141,81.0,228971,79.0,37117,125.0,963068,101.0,8216,48.0,0,0,3,0,Thursday,0
2024-09-27,3945383,68.0,1438524,62.0,258258,79.0,221034,77.0,35968,121.0,1010505,106.0,6992,41.0,0,0,4,0,Friday,0
2024-09-28,2557982,79.0,863284,62.0,134408,114.0,132177,87.0,22142,129.0,922085,97.0,2928,71.0,0,1,5,0,Saturday,0
2024-09-29,1959363,77.0,664367,60.0,117572,118.0,102805,98.0,22340,130.0,869345,98.0,2782,95.0,0,1,6,0,Sunday,0
2024-09-30,3849138,67.0,1486507,64.0,256547,78.0,217897,76.0,34701,117.0,924795,97.0,7845,46.0,0,0,0,0,Monday,0
2024-10-01,4179363,73.0,1546620,69.0,247737,79.0,218836,75.0,38299,129.0,922245,99.0,9716,54.0,0,0,1,0,Tuesday,0
2024-10-02,4068073,71.0,1504660,67.0,258854,82.0,227124,78.0,38330,129.0,941325,101.0,9543,53.0,0,0,2,0,Wednesday,0
2024-10-03,3627528,63.0,1333760,59.0,246586,78.0,217197,75.0,35952,121.0,926733,100.0,7273,41.0,0,0,3,0,Thursday,0
2024-10-04,3506654,61.0,1313232,58.0,251723,80.0,215328,74.0,35371,119.0,947077,102.0,6361,36.0,0,0,4,0,Friday,0
2024-10-05,2710146,81.0,953356,68.0,142657,126.0,148928,98.0,23775,134.0,966857,102.0,4086,90.0,0,1,5,0,Saturday,0
2024-10-06,2065294,84.0,737760,74.0,111257,122.0,105906,101.0,23677,129.0,912831,108.0,2534,67.0,0,1,6,0,Sunday,0
2024-10-07,3847055,67.0,1478576,66.0,250063,80.0,220335,76.0,35754,120.0,917137,99.0,8833,49.0,0,0,0,0,Monday,0
2024-10-08,4256950,74.0,1554839,69.0,275934,88.0,235974,81.0,39100,131.0,945208,102.0,10259,57.0,0,0,1,0,Tuesday,0
2024-10-09,4313211,75.0,1555422,69.0,275026,88.0,234694,81.0,39877,134.0,957877,103.0,9926,56.0,0,0,2,0,Wednesday,0
2024-10-10,4329161,75.0,1534201,68.0,272428,87.0,233710,80.0,38911,131.0,990350,107.0,9495,53.0,0,0,3,0,Thursday,0
2024-10-11,3868564,67.0,1435476,64.0,257460,82.0,224122,77.0,37027,124.0,1021735,110.0,7977,45.0,0,0,4,0,Friday,0
2024-10-12,2587128,78.0,940999,68.0,149093,131.0,144234,95.0,23525,133.0,957916,101.0,3409,75.0,0,1,5,0,Saturday,0
2024-10-13,2153429,88.0,744866,74.0,127619,140.0,120235,114.0,23354,127.0,911708,108.0,3574,95.0,0,1,6,0,Sunday,0
2024-10-14,3066851,53.0,1076828,48.0,240501,77.0,225263,77.0,26827,90.0,911104,98.0,5124,29.0,0,0,0,1,Monday,0
2024-10-15,4284818,75.0,1487706,66.0,270652,86.0,249266,86.0,38788,130.0,955621,103.0,9369,52.0,0,0,1,0,Tuesday,0
2024-10-16,4357117,76.0,1495298,66.0,279608,89.0,236091,81.0,39579,133.0,950912,102.0,9783,55.0,0,0,2,0,Wednesday,0
2024-10-17,4309633,75.0,1496057,66.0,277906,88.0,237000,81.0,37093,125.0,942095,102.0,9362,52.0,0,0,3,0,Thursday,0
2024-10-18,4030998,70.0,1443165,64.0,272133,87.0,229999,79.0,36732,123.0,993477,107.0,8258,46.0,0,0,4,0,Friday,0
2024-10-19,2752350,83.0,930951,67.0,156212,138.0,147214,97.0,24053,136.0,981152,104.0,3588,79.0,0,1,5,0,Saturday,0
2024-10-20,2176476,89.0,733271,73.0,127452,140.0,122789,117.0,24069,131.0,939223,111.0,2606,69.0,0,1,6,0,Sunday,0
2024-10-21,3842315,67.0,1471964,65.0,247857,79.0,219983,76.0,35133,118.0,937487,101.0,8975,50.0,0,0,0,0,Monday,0
2024-10-22,4218881,73.0,1528809,68.0,268294,85.0,237771,82.0,38656,130.0,932275,100.0,9628,54.0,0,0,1,0,Tuesday,0
2024-10-23,4276606,74.0,1537563,68.0,257031,82.0,233881,80.0,39211,132.0,930104,100.0,9629,54.0,0,0,2,0,Wednesday,0
2024-10-24,4304831,75.0,1484054,66.0,260193,83.0,232459,80.0,36754,123.0,931734,100.0,9653,54.0,0,0,3,0,Thursday,0
2024-10-25,4019790,70.0,1376080,61.0,262815,84.0,223941,77.0,36635,123.0,983885,106.0,8083,45.0,0,0,4,0,Friday,0
2024-10-26,2828539,85.0,960099,69.0,143111,126.0,148103,97.0,24066,136.0,988039,104.0,3423,75.0,0,1,5,0,Saturday,0
2024-10-27,2208683,90.0,740417,74.0,120849,133.0,115917,110.0,23888,130.0,918610,109.0,2556,68.0,0,1,6,0,Sunday,0
2024-10-28,3983168,69.0,1473020,65.0,253923,81.0,229873,79.0,35666,120.0,926409,100.0,8936,50.0,0,0,0,0,Monday,0
2024-10-29,4378791,76.0,1514830,67.0,272526,87.0,249585,86.0,38621,130.0,939734,101.0,9803,55.0,0,0,1,0,Tuesday,0
2024-10-30,4417951,77.0,1533630,68.0,267007,85.0,246035,85.0,40468,136.0,970092,105.0,9878,55.0,0,0,2,0,Wednesday,0
2024-10-31,4340272,76.0,1423507,63.0,257756,82.0,221856,76.0,37639,126.0,952775,103.0,8741,49.0,0,0,3,0,Thursday,0
2024-11-01,3780874,67.0,1290003,59.0,213535,65.0,185052,65.0,37306,119.0,947020,100.0,6363,37.0,0,0,4,0,Friday,0
2024-11-02,2817106,89.0,924453,70.0,138761,120.0,134522,89.0,24481,144.0,941777,104.0,3273,94.0,0,1,5,0,Saturday,0
2024-11-03,2602870,103.0,647668,65.0,132720,140.0,123028,118.0,21758,116.0,796346,97.0,4095,134.0,0,1,6,0,Sunday,0
2024-11-04,3949699,70.0,1450761,66.0,243884,74.0,216014,75.0,36716,118.0,908080,96.0,7765,46.0,0,0,0,0,Monday,0
2024-11-05,3640246,65.0,1321929,60.0,244078,74.0,213516,75.0,36106,116.0,858375,91.0,6691,39.0,0,0,1,0,Tuesday,0
2024-11-06,4113411,73.0,1490566,68.0,256311,78.0,221461,77.0,40044,128.0,928979,98.0,8324,49.0,0,0,2,0,Wednesday,0
2024-11-07,4232190,75.0,1499670,68.0,259228,79.0,226007,79.0,39248,126.0,958652,102.0,8177,48.0,0,0,3,0,Thursday,0
2024-11-08,3971878,70.0,1428851,65.0,245087,75.0,213611,75.0,38062,122.0,990743,105.0,7038,41.0,0,0,4,0,Friday,0
2024-11-09,2770474,88.0,920210,70.0,133329,116.0,134651,89.0,24198,143.0,924905,102.0,3270,94.0,0,1,5,0,Saturday,0
2024-11-10,2117144,84.0,713083,72.0,105256,111.0,103048,99.0,23972,127.0,870080,106.0,2321,76.0,0,1,6,0,Sunday,0
2024-11-11,3277617,130.0,1173328,118.0,236005,250.0,206579,198.0,28032,149.0,864822,105.0,5534,180.0,0,0,0,1,Monday,0
2024-11-12,4263199,76.0,1487306,68.0,264372,81.0,234752,82.0,39828,128.0,921273,98.0,8595,50.0,0,0,1,0,Tuesday,0
2024-11-13,4331024,77.0,1496105,68.0,257349,78.0,229455,80.0,41143,132.0,932923,99.0,8342,49.0,0,0,2,0,Wednesday,0
2024-11-14,4296568,76.0,1476496,67.0,251765,77.0,217969,76.0,40039,128.0,959032,102.0,8022,47.0,0,0,3,0,Thursday,0
2024-11-15,3986526,71.0,1386340,63.0,247886,75.0,214139,75.0,39068,125.0,985910,104.0,6829,40.0,0,0,4,0,Friday,0
2024-11-16,2789132,88.0,919983,70.0,137240,119.0,132742,88.0,24556,145.0,916594,101.0,3013,87.0,0,1,5,0,Saturday,0
2024-11-17,2101806,83.0,719084,72.0,118405,125.0,101707,98.0,24320,129.0,841590,102.0,2403,78.0,0,1,6,0,Sunday,0
2024-11-18,3900958,69.0,1442803,66.0,246602,75.0,214015,75.0,36682,117.0,861708,91.0,7739,45.0,0,0,0,0,Monday,0
2024-11-19,4277932,76.0,1504152,69.0,260621,79.0,235198,82.0,39803,127.0,923969,98.0,8396,49.0,0,0,1,0,Tuesday,0
2024-11-20,4298945,76.0,1508975,69.0,261795,80.0,232558,81.0,41321,132.0,952410,101.0,8694,51.0,0,0,2,0,Wednesday,0
2024-11-21,4217744,75.0,1352576,62.0,247779,75.0,217248,76.0,38930,125.0,925692,98.0,7755,46.0,0,0,3,0,Thursday,0
2024-11-22,3854860,68.0,1304306,60.0,240803,73.0,205229,72.0,37694,121.0,961674,102.0,6493,38.0,0,0,4,0,Friday,0
2024-11-23,2720244,86.0,903100,68.0,144950,126.0,134514,89.0,23654,140.0,923692,102.0,3057,88.0,0,1,5,0,Saturday,0
2024-11-24,2075015,82.0,712523,72.0,115037,122.0,104157,100.0,24470,130.0,845856,103.0,2333,76.0,0,1,6,0,Sunday,0
2024-11-25,3914213,69.0,1440435,66.0,259180,79.0,221649,77.0,37257,119.0,924623,98.0,8190,48.0,0,0,0,0,Monday,0
2024-11-26,4030009,71.0,1412275,65.0,263231,80.0,233673,82.0,39718,127.0,979030,104.0,8100,48.0,0,0,1,0,Tuesday,0
2024-11-27,3710430,66.0,1370366,63.0,284694,87.0,243529,85.0,35540,114.0,1005916,107.0,7495,44.0,0,0,2,0,Wednesday,0
2024-11-28,1513447,60.0,462819,46.0,115895,123.0,103402,99.0,26674,142.0,868551,105.0,2095,68.0,0,0,3,1,Thursday,0
2024-11-29,2677499,106.0,910730,91.0,243219,257.0,219251,211.0,19887,106.0,829240,101.0,4139,135.0,0,0,4,0,Friday,0
2024-11-30,2319981,73.0,787685,60.0,148820,129.0,135368,90.0,19542,115.0,891736,98.0,2916,84.0,0,1,5,0,Saturday,0
2024-12-01,1893492,75.0,629660,64.0,116806,110.0,103768,97.0,22046,124.0,893570,112.0,2006,59.0,0,1,6,0,Sunday,0
2024-12-02,3813795,71.0,1371135,68.0,240375,76.0,209021,75.0,36224,124.0,933106,105.0,7622,49.0,0,0,0,0,Monday,0
2024-12-03,4240442,79.0,1455281,73.0,266544,84.0,234201,84.0,40193,138.0,940934,106.0,8289,53.0,0,0,1,0,Tuesday,0
2024-12-04,4374883,82.0,1446527,72.0,254632,81.0,224379,80.0,41858,144.0,944014,107.0,8265,53.0,0,0,2,0,Wednesday,0
2024-12-05,4354863,82.0,1401376,70.0,254255,80.0,215246,77.0,39358,135.0,949925,107.0,7971,51.0,0,0,3,0,Thursday,0
2024-12-06,4121085,77.0,1340421,67.0,242555,77.0,206009,74.0,38598,132.0,985102,111.0,6812,44.0,0,0,4,0,Friday,0
2024-12-07,3017208,91.0,883693,70.0,149946,117.0,139193,89.0,24071,140.0,917052,104.0,2926,59.0,0,1,5,0,Saturday,0
2024-12-08,2348950,92.0,708798,72.0,122147,115.0,107390,100.0,24671,138.0,849700,107.0,2395,71.0,0,1,6,0,Sunday,0
2024-12-09,3941361,74.0,1369917,68.0,243001,77.0,211638,76.0,36847,126.0,897819,101.0,7292,47.0,0,0,0,0,Monday,0
2024-12-10,4374063,82.0,1444209,72.0,265077,84.0,234161,84.0,40973,141.0,933091,105.0,8214,53.0,0,0,1,0,Tuesday,0
2024-12-11,4255328,80.0,1353141,68.0,253052,80.0,222538,80.0,39455,135.0,902382,102.0,7923,51.0,0,0,2,0,Wednesday,0
2024-12-12,4527892,85.0,1431599,71.0,269149,85.0,236210,85.0,41074,141.0,991418,112.0,8108,52.0,0,0,3,0,Thursday,0
2024-12-13,4178812,78.0,1347451,67.0,248254,79.0,222096,80.0,39020,134.0,1011486,114.0,6931,44.0,0,0,4,0,Friday,0
2024-12-14,3123454,94.0,882335,70.0,161398,126.0,159083,101.0,25602,149.0,948115,107.0,3452,69.0,0,1,5,0,Saturday,0
2024-12-15,2337436,92.0,694080,71.0,120386,113.0,108880,101.0,24831,139.0,866862,109.0,2376,70.0,0,1,6,0,Sunday,0
2024-12-16,3866550,72.0,1277624,64.0,239706,76.0,206160,74.0,37015,127.0,892474,101.0,7096,45.0,0,0,0,0,Monday,0
2024-12-17,4341385,81.0,1457557,73.0,266960,85.0,237348,85.0,40830,140.0,944837,107.0,8439,54.0,0,0,1,0,Tuesday,0
2024-12-18,4292792,80.0,1430923,71.0,266741,84.0,229302,82.0,41792,143.0,964203,109.0,8068,52.0,0,0,2,0,Wednesday,0
2024-12-19,4255466,80.0,1431183,71.0,267033,85.0,227613,82.0,40565,139.0,994900,112.0,7861,50.0,0,0,3,0,Thursday,0
2024-12-20,3842344,72.0,1296068,65.0,247250,78.0,213269,76.0,38582,132.0,985717,111.0,6493,42.0,0,0,4,0,Friday,0
2024-12-21,2645323,80.0,788267,62.0,147327,115.0,138248,88.0,23289,135.0,898683,102.0,2973,60.0,0,1,5,0,Saturday,0
2024-12-22,2061173,81.0,607735,62.0,121379,114.0,110023,102.0,23526,132.0,829779,104.0,2330,69.0,0,1,6,0,Sunday,0
2024-12-23,3216875,60.0,1087369,54.0,253495,80.0,210375,75.0,33496,115.0,938009,106.0,5776,37.0,0,0,0,0,Monday,0
2024-12-24,2546394,48.0,906044,45.0,211807,67.0,173267,62.0,29443,101.0,890220,100.0,4272,27.0,0,0,1,0,Tuesday,0
2024-12-25,1378374,54.0,417229,43.0,87185,82.0,66693,62.0,18972,106.0,746323,94.0,1848,54.0,0,0,2,1,Wednesday,0
2024-12-26,2852679,53.0,982867,49.0,240534,76.0,203127,73.0,25211,86.0,869094,98.0,5222,33.0,0,0,3,0,Thursday,0
2024-12-27,3161486,59.0,1058666,53.0,254609,81.0,225114,81.0,30638,105.0,906118,102.0,5656,36.0,0,0,4,0,Friday,0
2024-12-28,2268511,68.0,726217,57.0,139519,109.0,119418,76.0,19881,115.0,812850,92.0,2757,55.0,0,1,5,0,Saturday,0
2024-12-29,2122102,84.0,664628,68.0,127153,119.0,107415,100.0,22149,124.0,810819,102.0,2629,77.0,0,1,6,0,Sunday,0
2024-12-30,3315993,62.0,1110767,55.0,248532,79.0,209077,75.0,31713,109.0,896512,101.0,6159,39.0,0,0,0,0,Monday,0
2024-12-31,2874096,113.0,984193,101.0,223942,210.0,186037,173.0,31482,177.0,818825,103.0,4925,145.0,0,0,1,0,Tuesday,0
2025-01-01,1779352,85.0,495795,54.0,90318,109.0,74690,83.0,12417,92.0,678296,99.0,2040,75.0,0,0,2,1,Wednesday,0
2025-01-02,3376924,66.0,1204698,59.0,210914,70.0,165475,61.0,31265,111.0,831296,96.0,6548,40.0,0,0,3,0,Thursday,0
2025-01-03,3413021,66.0,1225317,60.0,203652,67.0,163577,61.0,35900,127.0,846981,97.0,6243,38.0,0,0,4,0,Friday,0
2025-01-04,2315493,86.0,774643,65.0,117004,120.0,100579,77.0,21999,152.0,788882,103.0,2672,65.0,0,1,5,0,Saturday,0
2025-01-05,1791020,86.0,618750,67.0,96683,117.0,79761,88.0,23665,175.0,726411,106.0,2039,74.0,0,1,6,0,Sunday,0
2025-01-06,3436491,67.0,1238969,61.0,229503,76.0,202575,75.0,35840,127.0,792617,91.0,6887,42.0,0,0,0,0,Monday,0
2025-01-07,3781536,74.0,1275936,62.0,245930,81.0,220945,82.0,38048,134.0,842968,97.0,7409,45.0,0,0,1,0,Tuesday,0
2025-01-08,3830616,74.0,1256260,61.0,239444,79.0,209550,78.0,39406,139.0,852748,98.0,7798,48.0,0,0,2,0,Wednesday,0
2025-01-09,3734383,73.0,787710,38.0,229804,76.0,198894,74.0,38431,136.0,869256,100.0,6841,42.0,0,0,3,0,Thursday,0
